key,creationDate,resolutionDate,injectedVersion,openingVersion,fixedVersion,affectedVersion,numOfCommits
AVRO-78,2009-07-15,2009-07-16,1.0.0,1.1.0,1.1.0,[1.0.0],0
AVRO-79,2009-07-18,2009-07-20,1.0.0,1.1.0,1.1.0,[1.0.0],0
AVRO-80,2009-07-20,2009-11-20,1.0.0,1.1.0,1.3.0,[1.0.0, 1.1.0, 1.2.0],0
AVRO-85,2009-07-28,2009-07-31,1.0.0,1.1.0,1.1.0,[1.0.0],0
AVRO-84,2009-07-28,2009-07-31,1.0.0,1.1.0,1.1.0,[1.0.0],0
AVRO-87,2009-07-31,2009-08-12,1.0.0,1.1.0,1.1.0,[1.0.0],0
AVRO-86,2009-07-31,2010-08-25,1.0.0,1.1.0,1.4.0,[1.0.0, 1.1.0, 1.1.0, 1.2.0, 1.3.0, 1.3.1, 1.3.2, 1.3.3],0
AVRO-88,2009-08-11,2009-08-18,1.0.0,1.1.0,1.1.0,[1.0.0],0
AVRO-95,2009-08-16,2009-08-18,1.0.0,1.1.0,1.1.0,[1.0.0],0
AVRO-97,2009-08-18,2009-08-18,1.0.0,1.1.0,1.1.0,[1.0.0],0
AVRO-101,2009-08-19,2009-09-25,1.0.0,1.1.0,1.2.0,[1.0.0, 1.1.0, 1.1.0],0
AVRO-104,2009-08-20,2009-08-25,1.0.0,1.1.0,1.1.0,[1.0.0, 1.1.0],0
AVRO-107,2009-08-27,2009-08-27,1.0.0,1.1.0,1.1.0,[1.0.0],0
AVRO-113,2009-09-08,2009-09-22,1.0.0,1.1.0,1.2.0,[1.0.0, 1.1.0],0
AVRO-114,2009-09-11,2009-09-11,1.0.0,1.1.0,1.1.0,[1.0.0],0
AVRO-117,2009-09-21,2009-09-23,1.1.0,1.2.0,1.2.0,[1.1.0],0
AVRO-119,2009-09-22,2009-09-23,1.1.0,1.2.0,1.2.0,[1.1.0],0
AVRO-118,2009-09-22,2009-09-24,1.1.0,1.2.0,1.2.0,[1.1.0],0
AVRO-122,2009-09-24,2009-09-24,1.1.0,1.2.0,1.2.0,[1.1.0],0
AVRO-125,2009-09-25,2009-09-25,1.1.0,1.2.0,1.2.0,[1.1.0],0
AVRO-124,2009-09-25,2009-09-25,1.1.0,1.2.0,1.2.0,[1.1.0],0
AVRO-123,2009-09-25,2009-09-25,1.1.0,1.2.0,1.2.0,[1.1.0],0
AVRO-130,2009-09-30,2010-01-07,1.1.0,1.2.0,1.3.0,[1.1.0, 1.2.0],0
AVRO-132,2009-10-02,2009-10-08,1.0.0,1.2.0,1.2.0,[1.0.0, 1.1.0],0
AVRO-133,2009-10-05,2009-10-06,1.0.0,1.2.0,1.2.0,[1.0.0, 1.1.0],0
AVRO-134,2009-10-05,2009-10-07,1.0.0,1.2.0,1.2.0,[1.0.0, 1.1.0],0
AVRO-138,2009-10-07,2009-10-07,1.0.0,1.2.0,1.2.0,[1.0.0, 1.1.0],0
AVRO-137,2009-10-07,2009-10-09,1.0.0,1.2.0,1.2.0,[1.0.0, 1.1.0],0
AVRO-156,2009-10-20,2009-10-20,1.1.0,1.3.0,1.3.0,[1.1.0, 1.2.0],0
AVRO-162,2009-10-20,2009-10-22,1.1.0,1.3.0,1.3.0,[1.1.0, 1.2.0],0
AVRO-165,2009-10-21,2009-10-21,1.1.0,1.3.0,1.3.0,[1.1.0, 1.2.0],0
AVRO-169,2009-10-23,2009-11-05,1.1.0,1.3.0,1.3.0,[1.1.0, 1.2.0],0
AVRO-171,2009-10-24,2009-11-13,1.2.0,1.3.0,1.3.0,[1.2.0],0
AVRO-176,2009-10-29,2009-10-30,1.1.0,1.3.0,1.3.0,[1.1.0, 1.2.0],0
AVRO-182,2009-11-05,2009-11-11,1.1.0,1.3.0,1.3.0,[1.1.0, 1.2.0],0
AVRO-184,2009-11-06,2009-12-04,1.1.0,1.3.0,1.3.0,[1.1.0, 1.2.0],0
AVRO-189,2009-11-10,2009-11-10,1.1.0,1.3.0,1.3.0,[1.1.0, 1.2.0],0
AVRO-188,2009-11-10,2009-11-10,1.1.0,1.3.0,1.3.0,[1.1.0, 1.2.0],0
AVRO-191,2009-11-11,2009-11-12,1.1.0,1.3.0,1.3.0,[1.1.0, 1.2.0],0
AVRO-194,2009-11-12,2009-11-12,1.1.0,1.3.0,1.3.0,[1.1.0, 1.2.0],0
AVRO-193,2009-11-12,2009-11-12,1.1.0,1.3.0,1.3.0,[1.1.0, 1.2.0],0
AVRO-198,2009-11-15,2010-01-18,1.2.0,1.3.0,1.3.0,[1.2.0],0
AVRO-211,2009-11-18,2009-11-19,1.1.0,1.3.0,1.3.0,[1.1.0, 1.2.0],0
AVRO-210,2009-11-18,2009-11-19,1.1.0,1.3.0,1.3.0,[1.1.0, 1.2.0],0
AVRO-207,2009-11-18,2010-01-10,1.2.0,1.3.0,1.3.0,[1.2.0],0
AVRO-208,2009-11-18,2010-02-04,1.2.0,1.3.0,1.3.0,[1.2.0],0
AVRO-227,2009-11-20,2009-11-20,1.2.0,1.3.0,1.3.0,[1.2.0],0
AVRO-225,2009-11-20,2009-11-20,1.1.0,1.3.0,1.3.0,[1.1.0, 1.2.0],0
AVRO-223,2009-11-20,2009-11-20,1.1.0,1.3.0,1.3.0,[1.1.0, 1.2.0],0
AVRO-222,2009-11-20,2009-11-20,1.1.0,1.3.0,1.3.0,[1.1.0, 1.2.0],0
AVRO-232,2009-11-21,2009-11-21,1.1.0,1.3.0,1.3.0,[1.1.0, 1.2.0],0
AVRO-238,2009-11-24,2009-12-01,1.1.0,1.3.0,1.3.0,[1.1.0, 1.2.0],0
AVRO-247,2009-12-01,2009-12-08,1.1.0,1.3.0,1.3.0,[1.1.0, 1.2.0],0
AVRO-256,2009-12-14,2009-12-15,1.1.0,1.3.0,1.3.0,[1.1.0, 1.2.0],0
AVRO-255,2009-12-14,2009-12-15,1.1.0,1.3.0,1.3.0,[1.1.0, 1.2.0],0
AVRO-257,2009-12-15,2009-12-15,1.1.0,1.3.0,1.3.0,[1.1.0, 1.2.0],0
AVRO-259,2009-12-18,2010-01-09,1.1.0,1.3.0,1.3.0,[1.1.0, 1.2.0],0
AVRO-262,2009-12-22,2009-12-29,1.1.0,1.3.0,1.3.0,[1.1.0, 1.2.0],0
AVRO-265,2009-12-23,2022-04-13,1.2.0,1.3.0,1.11.1,[1.2.0, 1.3.0, 1.3.1, 1.3.2, 1.3.3, 1.4.0, 1.4.1, 1.5.0, 1.5.1, 1.5.2, 1.5.3, 1.5.4, 1.6.0, 1.6.1, 1.6.2, 1.6.3, 1.7.0, 1.7.1, 1.7.2, 1.7.3, 1.7.4, 1.7.5, 1.7.7, 1.8.0, 1.8.1, 1.8.2, 1.9.0, 1.9.1, 1.9.2, 1.10.0, 1.10.1, 1.10.2, 1.11.0],0
AVRO-276,2009-12-31,2009-12-31,1.1.0,1.3.0,1.3.0,[1.1.0, 1.2.0],0
AVRO-280,2010-01-04,2010-01-07,1.1.0,1.3.0,1.3.0,[1.1.0, 1.2.0],0
AVRO-281,2010-01-04,2010-01-10,1.1.0,1.3.0,1.3.0,[1.1.0, 1.2.0],0
AVRO-282,2010-01-04,2010-01-12,1.1.0,1.3.0,1.3.0,[1.1.0, 1.2.0],0
AVRO-309,2010-01-12,2010-01-12,1.1.0,1.3.0,1.3.0,[1.1.0, 1.2.0],0
AVRO-308,2010-01-12,2010-01-14,1.1.0,1.3.0,1.3.0,[1.1.0, 1.2.0],0
AVRO-313,2010-01-13,2010-01-15,1.1.0,1.3.0,1.3.0,[1.1.0, 1.2.0],0
AVRO-318,2010-01-13,2010-02-16,1.1.0,1.3.0,1.3.0,[1.1.0, 1.2.0],0
AVRO-329,2010-01-14,2010-01-14,1.1.0,1.3.0,1.3.0,[1.1.0, 1.2.0],0
AVRO-335,2010-01-14,2010-01-15,1.1.0,1.3.0,1.3.0,[1.1.0, 1.2.0],0
AVRO-337,2010-01-15,2010-01-16,1.1.0,1.3.0,1.3.0,[1.1.0, 1.2.0],0
AVRO-347,2010-01-18,2010-01-18,1.1.0,1.3.0,1.3.0,[1.1.0, 1.2.0],0
AVRO-352,2010-01-19,2010-01-19,1.1.0,1.3.0,1.3.0,[1.1.0, 1.2.0],0
AVRO-356,2010-01-20,2010-01-20,1.1.0,1.3.0,1.3.0,[1.1.0, 1.2.0],0
AVRO-361,2010-01-21,2010-02-02,1.1.0,1.3.0,1.3.0,[1.1.0, 1.2.0],0
AVRO-373,2010-01-23,2010-01-26,1.1.0,1.3.0,1.3.0,[1.1.0, 1.2.0],0
AVRO-374,2010-01-24,2010-02-16,1.1.0,1.3.0,1.3.0,[1.1.0, 1.2.0],0
AVRO-375,2010-01-25,2010-01-26,1.1.0,1.3.0,1.3.0,[1.1.0, 1.2.0],0
AVRO-382,2010-01-27,2010-01-27,1.2.0,1.3.0,1.3.0,[1.2.0],0
AVRO-385,2010-01-28,2010-01-29,1.1.0,1.3.0,1.3.0,[1.1.0, 1.2.0],0
AVRO-387,2010-01-29,2010-02-02,1.2.0,1.3.0,1.3.0,[1.2.0],0
AVRO-390,2010-01-31,2010-02-02,1.1.0,1.3.0,1.3.0,[1.1.0, 1.2.0],0
AVRO-389,2010-01-31,2010-02-02,1.1.0,1.3.0,1.3.0,[1.1.0, 1.2.0],0
AVRO-401,2010-02-04,2010-02-04,1.2.0,1.3.0,1.3.0,[1.2.0],0
AVRO-398,2010-02-04,2010-02-05,1.1.0,1.3.0,1.3.0,[1.1.0, 1.2.0],0
AVRO-407,2010-02-05,2010-02-08,1.1.0,1.3.0,1.3.0,[1.1.0, 1.2.0],0
AVRO-408,2010-02-06,2010-02-06,1.1.0,1.3.0,1.3.0,[1.1.0, 1.2.0],0
AVRO-413,2010-02-09,2010-02-09,1.1.0,1.3.0,1.3.0,[1.1.0, 1.2.0],0
AVRO-411,2010-02-09,2010-02-09,1.1.0,1.3.0,1.3.0,[1.1.0, 1.2.0],0
AVRO-416,2010-02-15,2010-02-16,1.2.0,1.3.0,1.3.0,[1.2.0],0
AVRO-417,2010-02-16,2010-02-19,1.0.0,1.3.0,1.3.0,[1.0.0, 1.1.0, 1.2.0, 1.3.0, 1.1.0, 1.2.0],0
AVRO-418,2010-02-17,2010-03-15,1.2.0,1.3.0,1.3.1,[1.2.0, 1.3.0],0
AVRO-422,2010-02-19,2010-02-19,1.1.0,1.3.0,1.3.0,[1.1.0, 1.2.0],0
AVRO-421,2010-02-19,2010-02-19,1.1.0,1.3.0,1.3.0,[1.1.0, 1.2.0],0
AVRO-437,2010-03-02,2010-03-03,1.3.0,1.3.1,1.3.1,[1.3.0],0
AVRO-440,2010-03-02,2010-03-05,1.3.0,1.3.1,1.3.1,[1.3.0],0
AVRO-441,2010-03-02,2012-01-24,1.3.0,1.3.1,1.6.2,[1.3.0, 1.3.1, 1.3.2, 1.3.3, 1.4.0, 1.4.1, 1.5.0, 1.5.1, 1.5.2, 1.5.3, 1.5.4, 1.6.0, 1.6.1],0
AVRO-448,2010-03-03,2010-03-04,1.3.0,1.3.1,1.3.1,[1.3.0],0
AVRO-447,2010-03-03,2010-06-10,1.3.0,1.3.1,1.4.0,[1.3.0, 1.3.1, 1.3.2, 1.3.3],0
AVRO-461,2010-03-14,2010-04-03,1.3.0,1.3.1,1.3.3,[1.3.0, 1.3.1, 1.3.2],0
AVRO-465,2010-03-15,2010-04-04,1.3.0,1.3.1,1.3.3,[1.3.0, 1.3.1, 1.3.2],0
AVRO-480,2010-03-17,2010-03-17,1.3.0,1.3.2,1.3.2,[1.3.0, 1.3.1],0
AVRO-479,2010-03-17,2010-03-17,1.3.0,1.3.2,1.3.2,[1.3.0, 1.3.1],0
AVRO-487,2010-03-22,2010-03-24,1.3.1,1.3.2,1.3.2,[1.3.1],0
AVRO-489,2010-03-24,2010-04-03,1.3.1,1.3.2,1.3.3,[1.3.1, 1.3.2],0
AVRO-496,2010-04-02,2010-04-05,1.3.1,1.3.3,1.3.3,[1.3.1, 1.3.2],0
AVRO-499,2010-04-02,2010-05-13,1.3.2,1.3.3,1.3.3,[1.3.2],0
AVRO-500,2010-04-03,2010-04-06,1.3.2,1.3.3,1.3.3,[1.3.2],0
AVRO-501,2010-04-03,2010-08-25,1.3.2,1.3.3,1.4.0,[1.3.2, 1.3.3],0
AVRO-502,2010-04-04,2010-04-04,1.3.2,1.3.3,1.3.3,[1.3.2],0
AVRO-510,2010-04-06,2010-08-25,1.3.2,1.3.3,1.4.0,[1.3.2, 1.3.3],0
AVRO-515,2010-04-11,2010-04-11,1.3.1,1.3.3,1.3.3,[1.3.1, 1.3.2],0
AVRO-516,2010-04-11,2010-04-12,1.3.1,1.3.3,1.3.3,[1.3.1, 1.3.2],0
AVRO-518,2010-04-15,2010-04-17,1.3.1,1.3.3,1.3.3,[1.3.1, 1.3.2],0
AVRO-517,2010-04-15,2010-04-19,1.3.2,1.3.3,1.3.3,[1.3.2],0
AVRO-524,2010-04-24,2010-04-27,1.3.1,1.3.3,1.3.3,[1.3.1, 1.3.2],0
AVRO-527,2010-04-25,2010-05-07,1.3.1,1.3.3,1.3.3,[1.3.1, 1.3.2],0
AVRO-537,2010-05-05,2010-10-08,1.3.2,1.3.3,1.4.1,[1.3.2, 1.3.3, 1.4.0],0
AVRO-541,2010-05-13,2010-08-24,1.3.2,1.3.3,1.4.0,[1.3.2, 1.3.3],0
AVRO-548,2010-05-22,2010-05-24,1.3.1,1.3.3,1.3.3,[1.3.1, 1.3.2],0
AVRO-554,2010-05-27,2010-06-01,1.3.0,1.3.3,1.3.3,[1.3.0, 1.4.0, 1.3.1, 1.3.2],0
AVRO-562,2010-06-04,2010-06-04,1.3.2,1.3.3,1.3.3,[1.3.2],0
AVRO-571,2010-06-09,2010-06-09,1.3.2,1.4.0,1.4.0,[1.3.2, 1.3.3],0
AVRO-573,2010-06-11,2010-07-28,1.3.2,1.4.0,1.4.0,[1.3.2, 1.3.3],0
AVRO-583,2010-06-22,2010-08-03,1.3.2,1.4.0,1.4.0,[1.3.2, 1.3.3],0
AVRO-589,2010-07-01,2010-07-05,1.2.0,1.4.0,1.4.0,[1.2.0, 1.3.0, 1.3.1, 1.3.2, 1.3.3, 1.3.0, 1.3.1, 1.3.2, 1.3.3],0
AVRO-590,2010-07-01,2010-08-23,1.3.2,1.4.0,1.4.0,[1.3.2, 1.3.3],0
AVRO-596,2010-07-14,2010-07-20,1.3.3,1.4.0,1.4.0,[1.3.3],0
AVRO-598,2010-07-15,2010-08-25,1.3.3,1.4.0,1.4.0,[1.3.3, 1.4.0],0
AVRO-604,2010-08-03,2010-08-03,1.3.2,1.4.0,1.4.0,[1.3.2, 1.3.3],0
AVRO-607,2010-08-05,2016-09-04,1.3.3,1.4.0,1.8.2,[1.3.3, 1.8.1, 1.4.0, 1.4.1, 1.5.0, 1.5.1, 1.5.2, 1.5.3, 1.5.4, 1.6.0, 1.6.1, 1.6.2, 1.6.3, 1.7.0, 1.7.1, 1.7.2, 1.7.3, 1.7.4, 1.7.5, 1.7.7, 1.8.0, 1.8.1],0
AVRO-609,2010-08-06,2010-08-10,1.3.2,1.4.0,1.4.0,[1.3.2, 1.3.3],0
AVRO-612,2010-08-13,2010-08-18,1.3.3,1.4.0,1.4.0,[1.3.3],0
AVRO-620,2010-08-20,2010-08-24,1.3.2,1.4.0,1.4.0,[1.3.2, 1.3.3],0
AVRO-622,2010-08-24,2010-08-24,1.3.2,1.4.0,1.4.0,[1.3.2, 1.3.3],0
AVRO-631,2010-08-25,2010-08-26,1.3.2,1.4.0,1.4.0,[1.3.2, 1.3.3],0
AVRO-633,2010-08-26,2010-08-26,1.3.3,1.4.0,1.4.0,[1.3.3],0
AVRO-632,2010-08-26,2010-08-26,1.3.2,1.4.0,1.4.0,[1.3.2, 1.3.3],0
AVRO-640,2010-08-27,2010-08-27,1.3.2,1.4.0,1.4.0,[1.3.2, 1.3.3],0
AVRO-650,2010-09-01,2010-09-03,1.3.2,1.4.0,1.4.0,[1.3.2, 1.3.3],0
AVRO-652,2010-09-02,2010-09-02,1.3.2,1.4.0,1.4.0,[1.3.2, 1.3.3],0
AVRO-663,2010-09-09,2011-01-14,1.4.0,1.4.1,1.5.0,[1.4.0, 1.4.1],0
AVRO-664,2010-09-10,2010-09-14,1.4.0,1.4.1,1.4.1,[1.4.0],0
AVRO-666,2010-09-12,2010-09-12,1.3.3,1.4.1,1.4.1,[1.3.3, 1.4.0],0
AVRO-667,2010-09-16,2010-09-17,1.4.0,1.4.1,1.4.1,[1.4.0],0
AVRO-669,2010-09-17,2010-12-29,1.4.0,1.4.1,1.5.0,[1.4.0, 1.4.1],0
AVRO-671,2010-09-19,2010-10-07,1.3.3,1.4.1,1.4.1,[1.3.3, 1.4.0],0
AVRO-675,2010-09-30,2010-10-05,1.4.0,1.4.1,1.4.1,[1.4.0],0
AVRO-681,2010-10-14,2010-10-14,1.4.0,1.5.0,1.5.0,[1.4.0, 1.4.1],0
AVRO-685,2010-10-27,2010-10-28,1.4.1,1.5.0,1.5.0,[1.4.1],0
AVRO-688,2010-11-01,2011-01-17,1.4.1,1.5.0,1.5.0,[1.4.1],0
AVRO-693,2010-11-04,2010-11-05,1.4.0,1.5.0,1.5.0,[1.4.0, 1.4.1],0
AVRO-694,2010-11-08,2011-01-07,1.4.1,1.5.0,1.5.0,[1.4.1],0
AVRO-696,2010-11-17,2010-11-17,1.4.0,1.5.0,1.5.0,[1.4.0, 1.4.1],0
AVRO-701,2010-11-23,2011-02-24,1.4.1,1.5.0,1.5.0,[1.4.1],0
AVRO-702,2010-11-24,2010-11-29,1.4.1,1.5.0,1.5.0,[1.4.1],0
AVRO-704,2010-11-30,2010-12-10,1.4.1,1.5.0,1.5.0,[1.4.1],0
AVRO-705,2010-12-01,2010-12-10,1.4.1,1.5.0,1.5.0,[1.4.1],0
AVRO-706,2010-12-02,2010-12-03,1.4.1,1.5.0,1.5.0,[1.4.1],0
AVRO-710,2010-12-12,2010-12-13,1.4.0,1.5.0,1.5.0,[1.4.0, 1.4.1, 1.5.0, 1.4.1],0
AVRO-713,2010-12-15,2010-12-16,1.4.1,1.5.0,1.5.0,[1.4.1],0
AVRO-717,2010-12-21,2011-01-04,1.4.1,1.5.0,1.5.0,[1.4.1],0
AVRO-718,2010-12-23,2010-12-29,1.4.0,1.5.0,1.5.0,[1.4.0, 1.4.1],0
AVRO-732,2011-01-13,2019-04-05,1.1.0,1.5.0,1.9.0,[1.1.0, 1.2.0, 1.3.0, 1.3.1, 1.3.2, 1.3.3, 1.4.0, 1.4.1, 1.5.0, 1.5.1, 1.5.2, 1.5.3, 1.5.4, 1.6.0, 1.6.1, 1.6.2, 1.6.3, 1.7.0, 1.7.1, 1.7.2, 1.7.3, 1.7.4, 1.7.5, 1.7.7, 1.8.0, 1.8.1, 1.8.2],0
AVRO-736,2011-01-18,2011-01-24,1.4.1,1.5.0,1.5.0,[1.4.1],0
AVRO-740,2011-01-20,2011-01-20,1.4.0,1.5.0,1.5.0,[1.4.0, 1.4.1],0
AVRO-741,2011-01-20,2011-01-26,1.4.0,1.5.0,1.5.0,[1.4.0, 1.4.1],0
AVRO-742,2011-01-22,2011-01-24,1.4.0,1.5.0,1.5.0,[1.4.0, 1.4.1],0
AVRO-745,2011-01-24,2011-01-24,1.4.0,1.5.0,1.5.0,[1.4.0, 1.4.1],0
AVRO-746,2011-01-24,2011-07-12,1.4.1,1.5.0,1.5.2,[1.4.1, 1.5.0, 1.5.1],0
AVRO-748,2011-01-27,2019-11-28,1.4.1,1.5.0,1.9.2,[1.4.1, 1.5.0, 1.5.1, 1.5.2, 1.5.3, 1.5.4, 1.6.0, 1.6.1, 1.6.2, 1.6.3, 1.7.0, 1.7.1, 1.7.2, 1.7.3, 1.7.4, 1.7.5, 1.7.7, 1.8.0, 1.8.1, 1.8.2, 1.9.0, 1.9.1],0
AVRO-749,2011-01-28,2011-01-31,1.4.0,1.5.0,1.5.0,[1.4.0, 1.4.1],0
AVRO-755,2011-02-01,2011-02-21,1.4.1,1.5.0,1.5.0,[1.4.1],0
AVRO-759,2011-02-08,2011-02-15,1.4.1,1.5.0,1.5.0,[1.4.1],0
AVRO-761,2011-02-09,2011-03-08,1.4.1,1.5.0,1.5.0,[1.4.1],0
AVRO-764,2011-02-13,2011-02-16,1.4.1,1.5.0,1.5.0,[1.4.1],0
AVRO-772,2011-02-21,2011-02-24,1.4.1,1.5.0,1.5.0,[1.4.1],0
AVRO-786,2011-03-22,2011-03-29,1.4.1,1.5.1,1.5.1,[1.4.1, 1.5.0],0
AVRO-790,2011-03-29,2011-04-18,1.4.1,1.5.1,1.5.1,[1.4.1, 1.5.0],0
AVRO-793,2011-03-31,2011-04-29,1.5.0,1.5.1,1.5.1,[1.5.0],0
AVRO-801,2011-04-08,2011-04-20,1.4.1,1.5.1,1.5.1,[1.4.1, 1.5.0, 1.5.0],0
AVRO-809,2011-04-22,2011-05-18,1.5.0,1.5.1,1.5.2,[1.5.0, 1.5.1],0
AVRO-813,2011-04-27,2019-04-01,1.5.0,1.5.1,1.9.0,[1.5.0, 1.5.1, 1.5.2, 1.5.3, 1.5.4, 1.6.0, 1.6.1, 1.6.2, 1.6.3, 1.7.0, 1.7.1, 1.7.2, 1.7.3, 1.7.4, 1.7.5, 1.7.7, 1.8.0, 1.8.1, 1.8.2],0
AVRO-819,2011-05-12,2011-05-12,1.5.1,1.5.2,1.5.2,[1.5.1],0
AVRO-818,2011-05-12,2011-05-12,1.5.1,1.5.2,1.5.2,[1.5.1],0
AVRO-820,2011-05-13,2011-05-19,1.4.1,1.5.2,1.5.2,[1.4.1, 1.5.0, 1.5.1, 1.5.0, 1.5.1],0
AVRO-824,2011-05-18,2011-06-29,1.5.0,1.5.2,1.5.2,[1.5.0, 1.5.1],0
AVRO-825,2011-05-19,2011-07-01,1.5.1,1.5.2,1.5.2,[1.5.1],0
AVRO-833,2011-05-31,2011-05-31,1.5.0,1.5.2,1.5.2,[1.5.0, 1.5.1],0
AVRO-832,2011-05-31,2011-06-02,1.5.0,1.5.2,1.5.2,[1.5.0, 1.5.1],0
AVRO-835,2011-06-04,2011-12-07,1.5.0,1.5.2,1.6.2,[1.5.0, 1.5.1, 1.5.2, 1.5.3, 1.5.4, 1.6.0, 1.6.1],0
AVRO-842,2011-06-24,2011-07-01,1.5.1,1.5.2,1.5.2,[1.5.1],0
AVRO-845,2011-06-29,2011-06-30,1.5.1,1.5.2,1.5.2,[1.5.1],0
AVRO-851,2011-07-06,2012-09-13,1.5.1,1.5.2,1.7.2,[1.5.1, 1.5.2, 1.5.3, 1.5.4, 1.6.0, 1.6.1, 1.6.2, 1.6.3, 1.7.0, 1.7.1],0
AVRO-864,2011-07-24,2011-07-27,1.5.0,1.5.2,1.5.2,[1.5.0, 1.5.1],0
AVRO-869,2011-08-03,2011-10-12,1.5.1,1.5.2,1.6.0,[1.5.1, 1.5.2, 1.5.3, 1.5.4],0
AVRO-871,2011-08-09,2011-10-07,1.5.1,1.5.2,1.6.0,[1.5.1, 1.5.2, 1.5.3, 1.5.4],0
AVRO-879,2011-08-22,2011-08-25,1.5.1,1.5.3,1.5.3,[1.5.1, 1.5.2],0
AVRO-884,2011-09-06,2011-09-07,1.5.2,1.5.4,1.5.4,[1.5.2, 1.5.3, 1.5.3],0
AVRO-892,2011-09-21,2011-09-22,1.5.4,1.6.0,1.6.0,[1.5.4],0
AVRO-894,2011-09-25,2011-09-25,1.5.4,1.6.0,1.6.0,[1.5.4, 1.6.0],0
AVRO-895,2011-09-26,2011-10-01,1.5.4,1.6.0,1.6.0,[1.5.4],0
AVRO-898,2011-09-27,2011-10-03,1.5.4,1.6.0,1.6.0,[1.5.4],0
AVRO-900,2011-10-01,2011-10-05,1.5.3,1.6.0,1.6.0,[1.5.3, 1.5.4],0
AVRO-901,2011-10-02,2011-10-05,1.5.3,1.6.0,1.6.0,[1.5.3, 1.5.4],0
AVRO-906,2011-10-04,2011-10-05,1.5.3,1.6.0,1.6.0,[1.5.3, 1.5.4],0
AVRO-904,2011-10-04,2011-10-07,1.5.4,1.6.0,1.6.0,[1.5.4],0
AVRO-903,2011-10-04,2011-10-07,1.5.4,1.6.0,1.6.0,[1.5.4],0
AVRO-902,2011-10-04,2011-10-07,1.5.4,1.6.0,1.6.0,[1.5.4],0
AVRO-912,2011-10-06,2011-10-07,1.5.3,1.6.0,1.6.0,[1.5.3, 1.5.4],0
AVRO-913,2011-10-06,2011-10-12,1.5.4,1.6.0,1.6.0,[1.5.4],0
AVRO-914,2011-10-07,2011-10-07,1.5.3,1.6.0,1.6.0,[1.5.3, 1.5.4],0
AVRO-917,2011-10-08,2011-10-12,1.5.3,1.6.0,1.6.0,[1.5.3, 1.5.4],0
AVRO-916,2011-10-08,2011-10-12,1.5.3,1.6.0,1.6.0,[1.5.3, 1.5.4],0
AVRO-925,2011-10-12,2011-10-14,1.5.4,1.6.0,1.6.0,[1.5.4],0
AVRO-927,2011-10-14,2011-10-17,1.5.4,1.6.0,1.6.0,[1.5.4],0
AVRO-931,2011-10-16,2011-10-17,1.5.3,1.6.0,1.6.0,[1.5.3, 1.5.4],0
AVRO-942,2011-10-23,2011-10-24,1.5.3,1.6.0,1.6.0,[1.5.3, 1.5.4],0
AVRO-943,2011-10-25,2011-11-01,1.5.3,1.6.0,1.6.0,[1.5.3, 1.5.4],0
AVRO-945,2011-10-27,2011-10-28,1.5.3,1.6.0,1.6.0,[1.5.3, 1.5.4],0
AVRO-948,2011-10-28,2011-10-28,1.5.3,1.6.0,1.6.0,[1.5.3, 1.5.4],0
AVRO-951,2011-11-03,2011-11-04,1.6.0,1.6.1,1.6.1,[1.6.0],0
AVRO-950,2011-11-03,2011-11-04,1.6.0,1.6.1,1.6.1,[1.6.0],0
AVRO-954,2011-11-07,2012-04-22,1.6.0,1.6.1,1.7.0,[1.6.0, 1.6.1, 1.6.2, 1.6.3],0
AVRO-962,2011-11-28,2011-12-05,1.6.1,1.6.2,1.6.2,[1.6.1],0
AVRO-966,2011-11-30,2011-12-07,1.6.1,1.6.2,1.6.2,[1.6.1],0
AVRO-968,2011-12-02,2012-01-24,1.6.1,1.6.2,1.6.2,[1.6.1, 1.6.2, 1.7.0],0
AVRO-972,2011-12-08,2011-12-09,1.6.1,1.6.2,1.6.2,[1.6.1],0
AVRO-978,2011-12-12,2011-12-13,1.6.0,1.6.2,1.6.2,[1.6.0, 1.6.1],0
AVRO-980,2011-12-13,2012-02-09,1.6.1,1.6.2,1.6.2,[1.6.1],0
AVRO-979,2011-12-13,2013-02-20,1.6.1,1.6.2,1.7.4,[1.6.1, 1.6.2, 1.6.3, 1.7.0, 1.7.1, 1.7.2, 1.7.3],0
AVRO-981,2011-12-15,2012-10-06,1.5.4,1.6.2,1.7.3,[1.5.4, 1.6.1, 1.6.0, 1.6.1, 1.6.2, 1.6.3, 1.7.0, 1.7.1, 1.7.2],0
AVRO-984,2011-12-19,2011-12-27,1.6.1,1.6.2,1.6.2,[1.6.1, 1.6.2, 1.7.0],0
AVRO-986,2011-12-22,2012-01-26,1.6.0,1.6.2,1.6.2,[1.6.0, 1.6.1],0
AVRO-994,2012-01-16,2012-01-17,1.6.0,1.6.2,1.6.2,[1.6.0, 1.6.1, 1.6.1],0
AVRO-993,2012-01-16,2012-01-17,1.6.0,1.6.2,1.6.2,[1.6.0, 1.6.1, 1.6.1],0
AVRO-996,2012-01-17,2012-02-07,1.6.0,1.6.2,1.6.2,[1.6.0, 1.6.1, 1.6.1],0
AVRO-997,2012-01-18,2014-10-03,1.5.1,1.6.2,1.8.0,[1.5.1, 1.5.2, 1.5.3, 1.5.4, 1.6.0, 1.6.1, 1.6.2, 1.6.3, 1.7.0, 1.7.1, 1.7.2, 1.7.3, 1.7.4, 1.7.5, 1.7.7],0
AVRO-1000,2012-01-20,2012-01-23,1.6.0,1.6.2,1.6.2,[1.6.0, 1.6.1],0
AVRO-1002,2012-01-24,2012-01-24,1.6.0,1.6.2,1.6.2,[1.6.0, 1.6.1],0
AVRO-1004,2012-01-24,2012-01-26,1.6.1,1.6.2,1.6.2,[1.6.1],0
AVRO-1003,2012-01-24,2012-01-26,1.6.1,1.6.2,1.6.2,[1.6.1],0
AVRO-1007,2012-01-25,2012-02-09,1.6.1,1.6.2,1.6.2,[1.6.1],0
AVRO-1013,2012-01-30,2012-02-08,1.6.1,1.6.2,1.6.2,[1.6.1],0
AVRO-1014,2012-01-31,2012-02-01,1.6.0,1.6.2,1.6.2,[1.6.0, 1.6.1],0
AVRO-1016,2012-02-04,2012-02-07,1.6.1,1.6.2,1.6.2,[1.6.1],0
AVRO-1020,2012-02-07,2012-02-07,1.6.1,1.6.2,1.6.2,[1.6.1],0
AVRO-1021,2012-02-08,2012-02-09,1.6.0,1.6.2,1.6.2,[1.6.0, 1.6.1],0
AVRO-1027,2012-02-10,2012-03-02,1.6.1,1.6.2,1.6.3,[1.6.1, 1.6.2],0
AVRO-1030,2012-02-14,2012-02-22,1.6.1,1.6.2,1.6.3,[1.6.1, 1.6.2],0
AVRO-1031,2012-02-15,2012-02-29,1.6.2,1.6.3,1.6.3,[1.6.2],0
AVRO-1033,2012-02-19,2012-02-29,1.6.2,1.6.3,1.6.3,[1.6.2],0
AVRO-1034,2012-02-22,2012-03-01,1.6.2,1.6.3,1.6.3,[1.6.2],0
AVRO-1037,2012-02-23,2012-02-24,1.6.2,1.6.3,1.6.3,[1.6.2],0
AVRO-1036,2012-02-23,2012-02-24,1.6.2,1.6.3,1.6.3,[1.6.2],0
AVRO-1039,2012-02-29,2012-03-01,1.6.2,1.6.3,1.6.3,[1.6.2],0
AVRO-1038,2012-02-29,2012-03-01,1.6.2,1.6.3,1.6.3,[1.6.2],0
AVRO-1041,2012-03-01,2012-03-02,1.6.2,1.6.3,1.6.3,[1.6.2],0
AVRO-1045,2012-03-14,2012-03-16,1.6.2,1.6.3,1.6.3,[1.6.2],0
AVRO-1046,2012-03-16,2012-05-17,1.6.2,1.6.3,1.7.0,[1.6.2, 1.6.3],0
AVRO-1047,2012-03-20,2017-12-13,1.6.3,1.7.0,1.9.0,[1.6.3, 1.7.0, 1.7.1, 1.7.2, 1.7.3, 1.7.4, 1.7.5, 1.7.7, 1.8.0, 1.8.1, 1.8.2],0
AVRO-1048,2012-03-22,2012-04-28,1.6.3,1.7.0,1.7.0,[1.6.3],0
AVRO-1049,2012-03-23,2012-05-16,1.6.0,1.7.0,1.7.0,[1.6.0, 1.6.1, 1.6.2, 1.6.3],0
AVRO-1050,2012-03-23,2012-05-18,1.6.0,1.7.0,1.7.0,[1.6.0, 1.6.1, 1.6.2, 1.6.3, 1.6.1, 1.6.2, 1.6.3],0
AVRO-1051,2012-03-27,2012-05-16,1.6.3,1.7.0,1.7.0,[1.6.3],0
AVRO-1056,2012-04-13,2012-05-17,1.6.3,1.7.0,1.7.0,[1.6.3],0
AVRO-1065,2012-04-18,2012-05-13,1.6.3,1.7.0,1.7.0,[1.6.3],0
AVRO-1066,2012-04-19,2012-05-11,1.6.3,1.7.0,1.7.0,[1.6.3],0
AVRO-1069,2012-04-20,2012-06-12,1.6.3,1.7.0,1.7.1,[1.6.3, 1.7.0],0
AVRO-1070,2012-04-22,2012-05-09,1.6.2,1.7.0,1.7.0,[1.6.2, 1.6.3],0
AVRO-1071,2012-04-23,2012-05-08,1.5.0,1.7.0,1.7.0,[1.5.0, 1.5.1, 1.5.2, 1.5.3, 1.5.4, 1.6.0, 1.6.1, 1.6.2, 1.6.3],0
AVRO-1076,2012-04-29,2012-05-17,1.6.3,1.7.0,1.7.0,[1.6.3],0
AVRO-1078,2012-05-04,2012-05-16,1.6.3,1.7.0,1.7.0,[1.6.3],0
AVRO-1077,2012-05-04,2012-05-16,1.6.3,1.7.0,1.7.0,[1.6.3, 1.7.0],0
AVRO-1080,2012-05-06,2012-05-09,1.6.3,1.7.0,1.7.0,[1.6.3],0
AVRO-1081,2012-05-10,2012-05-17,1.6.3,1.7.0,1.7.0,[1.6.3],0
AVRO-1084,2012-05-11,2012-05-20,1.6.3,1.7.0,1.7.0,[1.6.3, 1.7.0],0
AVRO-1083,2012-05-11,2012-05-20,1.6.3,1.7.0,1.7.0,[1.6.3, 1.7.0],0
AVRO-1082,2012-05-11,2012-05-20,1.6.3,1.7.0,1.7.0,[1.6.3, 1.7.0],0
AVRO-1086,2012-05-12,2012-05-20,1.6.3,1.7.0,1.7.0,[1.6.3, 1.7.0],0
AVRO-1090,2012-05-14,2012-05-17,1.6.3,1.7.0,1.7.0,[1.6.3],0
AVRO-1089,2012-05-14,2012-12-01,1.6.3,1.7.0,1.7.3,[1.6.3, 1.7.0, 1.7.0, 1.7.1, 1.7.2],0
AVRO-1092,2012-05-16,2012-05-20,1.6.3,1.7.0,1.7.0,[1.6.3, 1.7.0],0
AVRO-1094,2012-05-17,2012-05-18,1.6.2,1.7.0,1.7.0,[1.6.2, 1.6.3, 1.6.3],0
AVRO-1096,2012-05-20,2012-05-20,1.6.3,1.7.0,1.7.0,[1.6.3],0
AVRO-1098,2012-05-21,2012-05-23,1.6.2,1.7.0,1.7.0,[1.6.2, 1.6.3],0
AVRO-1097,2012-05-21,2012-05-23,1.6.2,1.7.0,1.7.0,[1.6.2, 1.6.3],0
AVRO-1099,2012-05-21,2012-06-07,1.6.3,1.7.0,1.7.0,[1.6.3],0
AVRO-1102,2012-05-25,2012-06-07,1.6.3,1.7.0,1.7.0,[1.6.3, 1.7.0],0
AVRO-1109,2012-06-07,2012-07-12,1.5.1,1.7.0,1.7.1,[1.5.1, 1.6.3, 1.7.0, 1.5.2, 1.5.3, 1.5.4, 1.6.0, 1.6.1, 1.6.2, 1.6.3, 1.7.0],0
AVRO-1111,2012-06-08,2012-09-11,1.6.3,1.7.0,1.7.2,[1.6.3, 1.7.0, 1.7.1],0
AVRO-1115,2012-06-13,2012-06-22,1.7.0,1.7.1,1.7.1,[1.7.0],0
AVRO-1116,2012-06-15,2012-07-04,1.5.0,1.7.1,1.7.1,[1.5.0, 1.5.1, 1.5.2, 1.5.3, 1.5.4, 1.6.0, 1.6.1, 1.6.2, 1.6.3, 1.7.0, 1.5.1, 1.5.2, 1.5.3, 1.5.4, 1.6.0, 1.6.1, 1.6.2, 1.6.3, 1.7.0],0
AVRO-1119,2012-06-20,2012-07-05,1.6.3,1.7.1,1.7.1,[1.6.3, 1.7.0, 1.7.0],0
AVRO-1128,2012-07-17,2012-07-19,1.7.0,1.7.2,1.7.2,[1.7.0, 1.7.1, 1.7.1],0
AVRO-1131,2012-07-22,2012-07-24,1.7.1,1.7.2,1.7.2,[1.7.1],0
AVRO-1132,2012-07-22,2018-11-12,1.7.1,1.7.2,1.9.0,[1.7.1, 1.7.2, 1.7.3, 1.7.4, 1.7.5, 1.7.7, 1.8.0, 1.8.1, 1.8.2],0
AVRO-1135,2012-08-05,2012-08-20,1.7.1,1.7.2,1.7.2,[1.7.1],0
AVRO-1138,2012-08-13,2012-09-13,1.7.1,1.7.2,1.7.2,[1.7.1],0
AVRO-1140,2012-08-15,2012-08-20,1.7.1,1.7.2,1.7.2,[1.7.1],0
AVRO-1141,2012-08-21,2012-08-27,1.7.1,1.7.2,1.7.2,[1.7.1],0
AVRO-1142,2012-08-21,2012-09-14,1.7.0,1.7.2,1.7.2,[1.7.0, 1.7.1],0
AVRO-1143,2012-08-28,2012-09-09,1.7.1,1.7.2,1.7.2,[1.7.1],0
AVRO-1144,2012-08-28,2013-07-31,1.7.0,1.7.2,1.7.5,[1.7.0, 1.7.1, 1.7.2, 1.7.3, 1.7.4],0
AVRO-1146,2012-08-31,2012-09-10,1.7.0,1.7.2,1.7.2,[1.7.0, 1.7.1],0
AVRO-1150,2012-09-07,2012-09-17,1.7.0,1.7.2,1.7.2,[1.7.0, 1.7.1],0
AVRO-1152,2012-09-10,2012-09-10,1.7.1,1.7.2,1.7.2,[1.7.1],0
AVRO-1155,2012-09-11,2012-09-12,1.7.0,1.7.2,1.7.2,[1.7.0, 1.7.1],0
AVRO-1154,2012-09-11,2012-09-13,1.7.0,1.7.2,1.7.2,[1.7.0, 1.7.1],0
AVRO-1159,2012-09-13,2012-09-13,1.7.1,1.7.2,1.7.2,[1.7.1],0
AVRO-1158,2012-09-13,2012-09-13,1.7.1,1.7.2,1.7.2,[1.7.1],0
AVRO-1161,2012-09-13,2012-09-17,1.7.1,1.7.2,1.7.2,[1.7.1],0
AVRO-1166,2012-09-14,2012-09-17,1.7.1,1.7.2,1.7.2,[1.7.1],0
AVRO-1165,2012-09-14,2012-09-17,1.7.1,1.7.2,1.7.2,[1.7.1],0
AVRO-1164,2012-09-14,2012-09-17,1.7.1,1.7.2,1.7.2,[1.7.1],0
AVRO-1163,2012-09-14,2012-11-30,1.7.1,1.7.2,1.7.3,[1.7.1, 1.7.2],0
AVRO-1170,2012-09-19,2012-09-27,1.7.1,1.7.2,1.7.3,[1.7.1, 1.7.2],0
AVRO-1171,2012-09-22,2012-09-24,1.7.1,1.7.2,1.7.2,[1.7.1],0
AVRO-1172,2012-09-25,2013-06-24,1.7.1,1.7.3,1.7.5,[1.7.1, 1.7.2, 1.7.3, 1.7.4],0
AVRO-1175,2012-09-27,2012-11-28,1.7.2,1.7.3,1.7.3,[1.7.2],0
AVRO-1174,2012-09-27,2012-11-30,1.7.2,1.7.3,1.7.3,[1.7.2],0
AVRO-1176,2012-09-29,2019-01-03,1.7.0,1.7.3,1.9.0,[1.7.0, 1.7.1, 1.7.2, 1.7.3, 1.7.4, 1.7.5, 1.7.7, 1.8.0, 1.8.1, 1.8.2],0
AVRO-1177,2012-10-01,2012-11-28,1.7.2,1.7.3,1.7.3,[1.7.2],0
AVRO-1178,2012-10-17,2012-11-28,1.7.2,1.7.3,1.7.3,[1.7.2],0
AVRO-1181,2012-10-23,2013-06-13,1.7.2,1.7.3,1.7.5,[1.7.2, 1.7.3, 1.7.4, 1.7.3, 1.7.4],0
AVRO-1183,2012-10-24,2012-11-14,1.7.2,1.7.3,1.7.3,[1.7.2],0
AVRO-1191,2012-11-05,2018-04-01,1.7.0,1.7.3,1.9.0,[1.7.0, 1.7.1, 1.7.2, 1.7.3, 1.7.4, 1.7.5, 1.7.7, 1.8.0, 1.8.1, 1.8.2],0
AVRO-1190,2012-11-05,2018-12-30,1.7.0,1.7.3,1.9.0,[1.7.0, 1.7.1, 1.7.2, 1.7.3, 1.7.4, 1.7.5, 1.7.7, 1.8.0, 1.8.1, 1.8.2],0
AVRO-1197,2012-11-08,2012-11-08,1.7.1,1.7.3,1.7.3,[1.7.1, 1.7.2],0
AVRO-1200,2012-11-08,2012-11-09,1.7.2,1.7.3,1.7.3,[1.7.2],0
AVRO-1198,2012-11-08,2013-02-12,1.7.2,1.7.3,1.7.4,[1.7.2, 1.7.3],0
AVRO-1201,2012-11-09,2012-11-21,1.7.2,1.7.3,1.7.3,[1.7.2],0
AVRO-1206,2012-11-16,2012-11-28,1.7.2,1.7.3,1.7.3,[1.7.2],0
AVRO-1217,2012-12-07,2012-12-08,1.7.2,1.7.4,1.7.4,[1.7.2, 1.7.3],0
AVRO-1215,2012-12-07,2013-02-18,1.7.2,1.7.4,1.7.4,[1.7.2, 1.7.3],0
AVRO-1216,2012-12-07,2017-01-31,1.7.2,1.7.4,1.8.2,[1.7.2, 1.7.3, 1.7.4, 1.7.5, 1.7.7, 1.8.0, 1.8.1, 1.7.3, 1.7.4, 1.7.5, 1.7.7, 1.8.0, 1.8.1],0
AVRO-1220,2012-12-13,2013-02-09,1.7.3,1.7.4,1.7.4,[1.7.3],0
AVRO-1221,2012-12-19,2012-12-19,1.7.2,1.7.4,1.7.4,[1.7.2, 1.7.3],0
AVRO-1224,2013-01-05,2013-02-14,1.7.2,1.7.4,1.7.4,[1.7.2, 1.7.3],0
AVRO-1227,2013-01-09,2013-01-24,1.7.3,1.7.4,1.7.4,[1.7.3],0
AVRO-1228,2013-01-10,2013-02-04,1.7.3,1.7.4,1.7.4,[1.7.3],0
AVRO-1231,2013-01-11,2013-01-14,1.7.2,1.7.4,1.7.4,[1.7.2, 1.7.3],0
AVRO-1230,2013-01-11,2013-01-16,1.7.2,1.7.4,1.7.4,[1.7.2, 1.7.3],0
AVRO-1233,2013-01-15,2013-01-17,1.7.2,1.7.4,1.7.4,[1.7.2, 1.7.3],0
AVRO-1234,2013-01-17,2013-12-13,1.7.3,1.7.4,1.7.7,[1.7.3, 1.7.4, 1.7.5],0
AVRO-1240,2013-02-01,2013-02-05,1.7.3,1.7.4,1.7.4,[1.7.3],0
AVRO-1237,2013-02-01,2013-12-18,1.7.3,1.7.4,1.7.7,[1.7.3, 1.7.4, 1.7.5],0
AVRO-1247,2013-02-10,2013-02-14,1.7.3,1.7.4,1.7.4,[1.7.3],0
AVRO-1249,2013-02-11,2013-02-12,1.7.3,1.7.4,1.7.4,[1.7.3],0
AVRO-1251,2013-02-12,2013-02-14,1.7.3,1.7.4,1.7.4,[1.7.3],0
AVRO-1258,2013-02-19,2013-02-19,1.7.3,1.7.4,1.7.4,[1.7.3],0
AVRO-1257,2013-02-19,2013-02-19,1.7.3,1.7.4,1.7.4,[1.7.3],0
AVRO-1261,2013-02-27,2013-07-09,1.7.4,1.7.5,1.7.5,[1.7.4],0
AVRO-1266,2013-02-28,2013-04-13,1.7.3,1.7.5,1.7.5,[1.7.3, 1.7.4],0
AVRO-1272,2013-03-10,2013-03-19,1.7.4,1.7.5,1.7.5,[1.7.4],0
AVRO-1275,2013-03-18,2019-04-05,1.7.3,1.7.5,1.9.0,[1.7.3, 1.7.4, 1.7.5, 1.7.7, 1.8.0, 1.8.1, 1.8.2],0
AVRO-1279,2013-03-21,2013-07-26,1.7.4,1.7.5,1.7.5,[1.7.4],0
AVRO-1290,2013-04-04,2013-06-13,1.7.3,1.7.5,1.7.5,[1.7.3, 1.7.4],0
AVRO-1292,2013-04-09,2013-07-02,1.7.4,1.7.5,1.7.5,[1.7.4],0
AVRO-1295,2013-04-10,2013-04-16,1.7.3,1.7.5,1.7.5,[1.7.3, 1.7.4],0
AVRO-1296,2013-04-10,2013-04-24,1.7.4,1.7.5,1.7.5,[1.7.4],0
AVRO-1293,2013-04-10,2013-07-02,1.7.4,1.7.5,1.7.5,[1.7.4],0
AVRO-1297,2013-04-11,2013-07-15,1.7.4,1.7.5,1.7.5,[1.7.4],0
AVRO-1302,2013-04-18,2014-11-06,1.7.4,1.7.5,1.8.0,[1.7.4, 1.7.5, 1.7.7],0
AVRO-1309,2013-04-22,2013-04-23,1.7.4,1.7.5,1.7.5,[1.7.4],0
AVRO-1308,2013-04-22,2013-04-23,1.7.3,1.7.5,1.7.5,[1.7.3, 1.7.4],0
AVRO-1311,2013-04-29,2013-05-21,1.7.4,1.7.5,1.7.5,[1.7.4],0
AVRO-1316,2013-05-01,2013-05-09,1.7.3,1.7.5,1.7.5,[1.7.3, 1.7.4],0
AVRO-1320,2013-05-06,2013-05-08,1.7.3,1.7.5,1.7.5,[1.7.3, 1.7.4],0
AVRO-1322,2013-05-06,2013-05-09,1.7.4,1.7.5,1.7.5,[1.7.4],0
AVRO-1321,2013-05-06,2020-02-10,1.7.3,1.7.5,1.9.2,[1.7.3, 1.7.4, 1.7.5, 1.7.7, 1.8.0, 1.8.1, 1.8.2, 1.9.0, 1.9.1],0
AVRO-1326,2013-05-08,2013-05-09,1.7.4,1.7.5,1.7.5,[1.7.4],0
AVRO-1331,2013-05-15,2013-05-16,1.7.3,1.7.5,1.7.5,[1.7.3, 1.7.4],0
AVRO-1334,2013-05-21,2014-09-22,1.7.4,1.7.5,1.8.0,[1.7.4, 1.7.5, 1.7.7],0
AVRO-1346,2013-06-06,2013-06-20,1.7.4,1.7.5,1.7.5,[1.7.4],0
AVRO-1348,2013-06-19,2013-12-19,1.7.4,1.7.5,1.7.7,[1.7.4, 1.7.5],0
AVRO-1349,2013-06-20,2013-06-20,1.7.3,1.7.5,1.7.5,[1.7.3, 1.7.4],0
AVRO-1352,2013-07-08,2014-06-29,1.7.0,1.7.5,1.7.7,[1.7.0, 1.7.1, 1.7.2, 1.7.3, 1.7.4, 1.7.1, 1.7.2, 1.7.3, 1.7.4, 1.7.5],0
AVRO-1356,2013-07-21,2013-08-07,1.7.4,1.7.5,1.7.5,[1.7.4],0
AVRO-1355,2013-07-21,2013-08-20,1.7.4,1.7.5,1.7.7,[1.7.4, 1.7.5],0
AVRO-1358,2013-07-24,2013-12-18,1.7.4,1.7.5,1.7.7,[1.7.4, 1.7.5],0
AVRO-1363,2013-08-20,2018-12-05,1.7.4,1.7.7,1.9.0,[1.7.4, 1.7.5, 1.7.7, 1.8.0, 1.8.1, 1.8.2],0
AVRO-1366,2013-08-26,2013-09-12,1.7.5,1.7.7,1.7.7,[1.7.5],0
AVRO-1368,2013-08-27,2013-09-04,1.7.5,1.7.7,1.7.7,[1.7.5],0
AVRO-1369,2013-08-28,2013-12-18,1.7.5,1.7.7,1.7.7,[1.7.5],0
AVRO-1374,2013-09-10,2013-09-11,1.7.4,1.7.7,1.7.7,[1.7.4, 1.7.5, 1.7.5],0
AVRO-1377,2013-09-17,2013-09-27,1.7.5,1.7.7,1.7.7,[1.7.5],0
AVRO-1380,2013-09-30,2014-01-09,1.7.5,1.7.7,1.7.7,[1.7.5],0
AVRO-1382,2013-10-04,2014-01-10,1.7.5,1.7.7,1.7.7,[1.7.5],0
AVRO-1387,2013-10-17,2013-10-25,1.7.4,1.7.7,1.7.7,[1.7.4, 1.7.5],0
AVRO-1401,2013-11-12,2017-06-14,1.7.5,1.7.7,1.9.0,[1.7.5, 1.7.7, 1.8.0, 1.8.1, 1.8.2],0
AVRO-1405,2013-11-22,2013-12-19,1.7.5,1.7.7,1.7.7,[1.7.5],0
AVRO-1406,2013-11-25,2013-12-15,1.7.5,1.7.7,1.7.7,[1.7.5],0
AVRO-1407,2013-11-29,2014-11-26,1.7.5,1.7.7,1.8.0,[1.7.5, 1.7.7],0
AVRO-1410,2013-12-08,2013-12-16,1.7.5,1.7.7,1.7.7,[1.7.5],0
AVRO-1412,2013-12-13,2013-12-20,1.7.4,1.7.7,1.7.7,[1.7.4, 1.7.5],0
AVRO-1415,2013-12-17,2014-01-10,1.7.4,1.7.7,1.7.7,[1.7.4, 1.7.5],0
AVRO-1420,2013-12-25,2019-01-21,1.7.5,1.7.7,1.9.0,[1.7.5, 1.7.7, 1.8.0, 1.8.1, 1.8.2],0
AVRO-1424,2014-01-02,2014-01-07,1.7.5,1.7.7,1.7.7,[1.7.5],0
AVRO-1427,2014-01-05,2014-01-09,1.7.5,1.7.7,1.7.7,[1.7.5],0
AVRO-1433,2014-01-08,2014-01-09,1.7.5,1.7.7,1.7.7,[1.7.5],0
AVRO-1434,2014-01-10,2014-01-10,1.7.5,1.7.7,1.7.7,[1.7.5],0
AVRO-1436,2014-01-13,2014-01-28,1.7.5,1.7.7,1.7.7,[1.7.5],0
AVRO-1441,2014-01-16,2014-01-28,1.7.4,1.7.7,1.7.7,[1.7.4, 1.7.5],0
AVRO-1442,2014-01-21,2014-05-28,1.7.4,1.7.7,1.7.7,[1.7.4, 1.7.5],0
AVRO-1444,2014-01-22,2018-12-31,1.7.4,1.7.7,1.9.0,[1.7.4, 1.7.5, 1.7.7, 1.8.0, 1.8.1, 1.8.2],0
AVRO-1445,2014-01-23,2014-01-27,1.7.4,1.7.7,1.7.7,[1.7.4, 1.7.5],0
AVRO-1446,2014-01-24,2014-01-27,1.7.4,1.7.7,1.7.7,[1.7.4, 1.7.5],0
AVRO-1447,2014-01-27,2014-01-28,1.7.4,1.7.7,1.7.7,[1.7.4, 1.7.5],0
AVRO-1448,2014-01-28,2014-07-05,1.7.4,1.7.7,1.7.7,[1.7.4, 1.7.5],0
AVRO-1454,2014-02-07,2014-03-03,1.7.5,1.7.7,1.7.7,[1.7.5],0
AVRO-1455,2014-02-12,2014-03-03,1.7.4,1.7.7,1.7.7,[1.7.4, 1.7.5],0
AVRO-1457,2014-02-12,2014-05-28,1.7.4,1.7.7,1.7.7,[1.7.4, 1.7.5],0
AVRO-1458,2014-02-15,2014-02-28,1.7.5,1.7.7,1.7.7,[1.7.5],0
AVRO-1459,2014-02-15,2014-03-13,1.7.4,1.7.7,1.7.7,[1.7.4, 1.7.5],0
AVRO-1462,2014-02-20,2014-06-11,1.7.4,1.7.7,1.7.7,[1.7.4, 1.7.5],0
AVRO-1465,2014-02-24,2014-03-13,1.7.4,1.7.7,1.7.7,[1.7.4, 1.7.5],0
AVRO-1470,2014-02-27,2014-06-11,1.7.4,1.7.7,1.7.7,[1.7.4, 1.7.5],0
AVRO-1473,2014-03-02,2014-03-13,1.7.4,1.7.7,1.7.7,[1.7.4, 1.7.5],0
AVRO-1474,2014-03-03,2014-06-29,1.7.4,1.7.7,1.7.7,[1.7.4, 1.7.5],0
AVRO-1478,2014-03-07,2019-01-03,1.7.4,1.7.7,1.9.0,[1.7.4, 1.7.5, 1.7.7, 1.8.0, 1.8.1, 1.8.2],0
AVRO-1485,2014-03-19,2017-07-20,1.7.4,1.7.7,1.9.0,[1.7.4, 1.7.5, 1.7.7, 1.8.0, 1.8.1, 1.8.2],0
AVRO-1488,2014-03-26,2018-12-28,1.7.4,1.7.7,1.9.0,[1.7.4, 1.7.5, 1.7.7, 1.8.0, 1.8.1, 1.8.2],0
AVRO-1489,2014-03-30,2014-10-27,1.7.5,1.7.7,1.8.0,[1.7.5, 1.7.7],0
AVRO-1491,2014-04-01,2015-07-15,1.7.5,1.7.7,1.8.0,[1.7.5, 1.7.7],0
AVRO-1493,2014-04-06,2016-02-22,1.7.5,1.7.7,1.8.1,[1.7.5, 1.7.7, 1.8.0],0
AVRO-1498,2014-04-22,2014-07-15,1.7.5,1.7.7,1.7.7,[1.7.5],0
AVRO-1499,2014-04-24,2014-07-03,1.7.5,1.7.7,1.7.7,[1.7.5],0
AVRO-1500,2014-04-30,2014-06-06,1.7.4,1.7.7,1.7.7,[1.7.4, 1.7.5, 1.7.5],0
AVRO-1512,2014-05-20,2014-05-28,1.7.4,1.7.7,1.7.7,[1.7.4, 1.7.5],0
AVRO-1522,2014-05-30,2014-06-06,1.7.4,1.7.7,1.7.7,[1.7.4, 1.7.5],0
AVRO-1525,2014-06-11,2014-06-12,1.7.4,1.7.7,1.7.7,[1.7.4, 1.7.5],0
AVRO-1528,2014-06-16,2018-11-29,1.7.4,1.7.7,1.9.0,[1.7.4, 1.7.5, 1.7.7, 1.8.0, 1.8.1, 1.8.2],0
AVRO-1540,2014-07-11,2014-07-15,1.7.4,1.7.7,1.7.7,[1.7.4, 1.7.5],0
AVRO-1544,2014-07-12,2014-08-04,1.7.5,1.7.7,1.8.0,[1.7.5, 1.7.7],0
AVRO-1545,2014-07-15,2014-12-17,1.7.5,1.7.7,1.8.0,[1.7.5, 1.7.7],0
AVRO-1546,2014-07-17,2014-07-18,1.7.4,1.7.7,1.7.7,[1.7.4, 1.7.5],0
AVRO-1548,2014-07-22,2020-06-02,1.7.3,1.7.7,1.10.0,[1.7.3, 1.7.4, 1.7.5, 1.7.7, 1.8.0, 1.8.1, 1.8.2, 1.9.0, 1.9.1, 1.9.2],0
AVRO-1553,2014-07-28,2014-07-29,1.7.7,1.8.0,1.8.0,[1.7.7],0
AVRO-1554,2014-07-28,2016-09-16,1.7.7,1.8.0,1.8.2,[1.7.7, 1.8.0, 1.8.1],0
AVRO-1560,2014-08-06,2015-12-30,1.7.7,1.8.0,1.8.0,[1.7.7],0
AVRO-1564,2014-08-08,2014-11-26,1.7.7,1.8.0,1.8.0,[1.7.7],0
AVRO-1567,2014-08-21,2020-05-15,1.7.4,1.8.0,1.10.0,[1.7.4, 1.7.7, 1.7.5, 1.7.7, 1.8.0, 1.8.1, 1.8.2, 1.9.0, 1.9.1, 1.9.2],0
AVRO-1572,2014-08-25,2015-12-30,1.7.5,1.8.0,1.8.0,[1.7.5, 1.7.7],0
AVRO-1573,2014-08-28,2015-01-07,1.7.4,1.8.0,1.8.0,[1.7.4, 1.7.5, 1.7.7],0
AVRO-1576,2014-09-03,2015-07-07,1.7.7,1.8.0,1.8.0,[1.7.7],0
AVRO-1577,2014-09-03,2019-01-17,1.7.7,1.8.0,1.9.0,[1.7.7, 1.8.0, 1.8.1, 1.8.2],0
AVRO-1587,2014-09-17,2019-12-20,1.7.5,1.8.0,1.9.2,[1.7.5, 1.7.7, 1.8.0, 1.8.1, 1.8.2, 1.9.0, 1.9.1],0
AVRO-1589,2014-09-19,2014-09-22,1.7.7,1.8.0,1.8.0,[1.7.7],0
AVRO-1590,2014-09-20,2014-09-29,1.7.7,1.8.0,1.8.0,[1.7.7],0
AVRO-1591,2014-10-02,2014-10-04,1.7.5,1.8.0,1.8.0,[1.7.5, 1.7.7],0
AVRO-1592,2014-10-08,2014-11-08,1.7.7,1.8.0,1.8.0,[1.7.7],0
AVRO-1593,2014-10-10,2015-08-26,1.7.7,1.8.0,1.8.0,[1.7.7],0
AVRO-1596,2014-10-22,2014-11-17,1.7.7,1.8.0,1.8.0,[1.7.7],0
AVRO-1597,2014-10-24,2014-11-08,1.7.5,1.8.0,1.8.0,[1.7.5, 1.7.7],0
AVRO-1598,2014-11-01,2014-11-06,1.7.7,1.8.0,1.8.0,[1.7.7],0
AVRO-1602,2014-11-09,2014-11-13,1.7.7,1.8.0,1.8.0,[1.7.7],0
AVRO-1604,2014-11-14,2014-11-26,1.7.5,1.8.0,1.8.0,[1.7.5, 1.7.7],0
AVRO-1617,2014-12-04,2015-12-30,1.7.7,1.8.0,1.8.0,[1.7.7],0
AVRO-1622,2014-12-11,2014-12-11,1.7.7,1.8.0,1.8.0,[1.7.7],0
AVRO-1621,2014-12-11,2014-12-18,1.7.7,1.8.0,1.8.0,[1.7.7],0
AVRO-1623,2014-12-16,2014-12-17,1.7.7,1.8.0,1.8.0,[1.7.7],0
AVRO-1624,2014-12-19,2015-01-12,1.7.5,1.8.0,1.8.0,[1.7.5, 1.7.7],0
AVRO-1626,2015-01-09,2019-04-01,1.7.5,1.8.0,1.9.0,[1.7.5, 1.7.7, 1.8.0, 1.8.1, 1.8.2],0
AVRO-1635,2015-01-22,2018-10-02,1.7.7,1.8.0,1.9.0,[1.7.7, 1.8.0, 1.8.1, 1.8.2],0
AVRO-1642,2015-02-24,2016-04-09,1.7.7,1.8.0,1.8.1,[1.7.7, 1.8.0],0
AVRO-1646,2015-03-05,2022-03-03,1.7.7,1.8.0,1.11.1,[1.7.7, 1.8.0, 1.8.1, 1.8.2, 1.9.0, 1.9.1, 1.9.2, 1.10.0, 1.10.1, 1.10.2, 1.11.0],0
AVRO-1652,2015-03-28,2015-11-25,1.7.7,1.8.0,1.8.0,[1.7.7],0
AVRO-1653,2015-03-29,2015-03-30,1.7.5,1.8.0,1.8.0,[1.7.5, 1.7.7],0
AVRO-1655,2015-03-31,2015-04-17,1.7.7,1.8.0,1.8.0,[1.7.7],0
AVRO-1663,2015-04-23,2016-01-19,1.7.7,1.8.0,1.8.0,[1.7.7],0
AVRO-1664,2015-04-24,2020-06-08,1.7.7,1.8.0,1.10.0,[1.7.7, 1.8.0, 1.8.1, 1.8.2, 1.9.0, 1.9.1, 1.9.2],0
AVRO-1667,2015-05-05,2016-03-15,1.7.7,1.8.0,1.8.1,[1.7.7, 1.8.0],0
AVRO-1673,2015-05-29,2015-07-15,1.7.7,1.8.0,1.8.0,[1.7.7],0
AVRO-1676,2015-06-03,2015-08-25,1.7.7,1.8.0,1.8.0,[1.7.7],0
AVRO-1689,2015-06-25,2015-06-25,1.7.7,1.8.0,1.8.0,[1.7.7],0
AVRO-1688,2015-06-25,2015-07-13,1.7.5,1.8.0,1.8.0,[1.7.5, 1.7.7],0
AVRO-1691,2015-06-30,2016-01-19,1.7.7,1.8.0,1.8.0,[1.7.7],0
AVRO-1700,2015-07-11,2015-08-26,1.7.7,1.8.0,1.8.0,[1.7.7],0
AVRO-1701,2015-07-11,2016-04-13,1.7.7,1.8.0,1.8.1,[1.7.7, 1.8.0],0
AVRO-1713,2015-08-06,2015-08-07,1.7.5,1.8.0,1.8.0,[1.7.5, 1.7.7],0
AVRO-1715,2015-08-07,2015-10-07,1.7.7,1.8.0,1.8.0,[1.7.7, 1.8.0],0
AVRO-1719,2015-08-19,2016-09-04,1.7.7,1.8.0,1.8.2,[1.7.7, 1.8.0, 1.8.1],0
AVRO-1725,2015-09-01,2016-01-11,1.7.7,1.8.0,1.8.0,[1.7.7],0
AVRO-1737,2015-09-11,2023-07-20,1.7.7,1.8.0,1.11.3,[1.7.7, 1.8.0, 1.8.1, 1.8.2, 1.9.0, 1.9.1, 1.9.2, 1.10.0, 1.10.1, 1.10.2, 1.11.0, 1.11.1, 1.11.2],0
AVRO-1739,2015-09-13,2015-10-07,1.7.5,1.8.0,1.8.0,[1.7.5, 1.7.7],0
AVRO-1741,2015-09-15,2018-12-20,1.7.5,1.8.0,1.9.0,[1.7.5, 1.7.7, 1.8.0, 1.8.1, 1.8.2],0
AVRO-1743,2015-10-04,2018-11-29,1.7.7,1.8.0,1.9.0,[1.7.7, 1.8.0, 1.8.1, 1.8.2],0
AVRO-1750,2015-10-15,2017-01-29,1.7.7,1.8.0,1.8.2,[1.7.7, 1.8.0, 1.8.1],0
AVRO-1754,2015-11-04,2015-11-26,1.7.5,1.8.0,1.8.0,[1.7.5, 1.7.7],0
AVRO-1755,2015-11-08,2015-11-25,1.7.7,1.8.0,1.8.0,[1.7.7],0
AVRO-1775,2015-12-30,2016-01-19,1.7.5,1.8.0,1.8.0,[1.7.5, 1.7.7],0
AVRO-1782,2016-01-11,2016-01-13,1.7.7,1.8.0,1.8.0,[1.7.7],0
AVRO-1783,2016-01-11,2016-01-21,1.7.7,1.8.0,1.8.0,[1.7.7],0
AVRO-1799,2016-02-10,2016-02-29,1.8.0,1.8.1,1.8.1,[1.8.0],0
AVRO-1807,2016-03-08,2016-05-14,1.8.0,1.8.1,1.8.1,[1.8.0],0
AVRO-1810,2016-03-10,2019-03-04,1.8.0,1.8.1,1.9.0,[1.8.0, 1.8.1, 1.8.2],0
AVRO-1814,2016-03-17,2016-04-28,1.8.0,1.8.1,1.8.1,[1.8.0],0
AVRO-1813,2016-03-17,2017-02-10,1.8.0,1.8.1,1.8.2,[1.8.0, 1.8.1],0
AVRO-1820,2016-04-02,2016-04-20,1.8.0,1.8.1,1.8.1,[1.8.0],0
AVRO-1821,2016-04-04,2017-06-20,1.8.0,1.8.1,1.9.0,[1.8.0, 1.8.1, 1.8.2],0
AVRO-1824,2016-04-08,2016-04-09,1.8.0,1.8.1,1.8.1,[1.8.0],0
AVRO-1826,2016-04-09,2016-04-17,1.7.7,1.8.1,1.8.1,[1.7.7, 1.8.0],0
AVRO-1844,2016-05-12,2018-12-10,1.8.0,1.8.1,1.9.0,[1.8.0, 1.8.1, 1.8.2],0
AVRO-1848,2016-05-19,2016-09-04,1.8.0,1.8.1,1.8.2,[1.8.0, 1.8.1],0
AVRO-1849,2016-05-20,2016-09-27,1.7.7,1.8.1,1.8.2,[1.7.7, 1.8.0, 1.8.0, 1.8.1],0
AVRO-1851,2016-05-23,2022-02-10,1.7.7,1.8.2,1.11.1,[1.7.7, 1.11.0, 1.8.0, 1.8.1, 1.8.2, 1.9.0, 1.9.1, 1.9.2, 1.10.0, 1.10.1, 1.10.2, 1.11.0],0
AVRO-1853,2016-05-25,2016-09-27,1.8.1,1.8.2,1.8.2,[1.8.1],0
AVRO-1857,2016-06-02,2017-05-25,1.7.7,1.8.2,1.9.0,[1.7.7, 1.8.0, 1.8.1, 1.8.2],0
AVRO-1860,2016-06-06,2016-10-06,1.8.1,1.8.2,1.8.2,[1.8.1],0
AVRO-1861,2016-06-07,2016-10-10,1.8.1,1.8.2,1.8.2,[1.8.1],0
AVRO-1867,2016-06-22,2016-06-22,1.8.0,1.8.2,1.8.2,[1.8.0, 1.8.1],0
AVRO-1866,2016-06-22,2017-01-29,1.8.1,1.8.2,1.8.2,[1.8.1],0
AVRO-1869,2016-06-28,2016-06-28,1.8.0,1.8.2,1.8.2,[1.8.0, 1.8.1, 1.8.1],0
AVRO-1872,2016-06-29,2016-07-01,1.8.1,1.8.2,1.8.2,[1.8.1],0
AVRO-1873,2016-06-30,2016-09-12,1.8.1,1.8.2,1.8.2,[1.8.1],0
AVRO-1874,2016-07-04,2016-09-04,1.8.1,1.8.2,1.8.2,[1.8.1],0
AVRO-1882,2016-07-11,2016-10-30,1.8.1,1.8.2,1.8.2,[1.8.1],0
AVRO-1881,2016-07-11,2017-01-10,1.8.1,1.8.2,1.8.2,[1.8.1],0
AVRO-1883,2016-07-17,2017-10-27,1.8.1,1.8.2,1.9.0,[1.8.1, 1.8.2],0
AVRO-1888,2016-07-24,2016-09-04,1.8.0,1.8.2,1.8.2,[1.8.0, 1.8.1],0
AVRO-1889,2016-07-25,2018-05-09,1.8.1,1.8.2,1.9.0,[1.8.1, 1.8.2],0
AVRO-1891,2016-08-02,2019-12-01,1.8.1,1.8.2,1.9.2,[1.8.1, 1.8.2, 1.9.0, 1.9.1],0
AVRO-1893,2016-08-03,2016-08-03,1.8.0,1.8.2,1.8.2,[1.8.0, 1.8.1],0
AVRO-1897,2016-08-08,2016-11-05,1.8.1,1.8.2,1.8.2,[1.8.1],0
AVRO-1898,2016-08-16,2017-02-18,1.8.1,1.8.2,1.8.2,[1.8.1],0
AVRO-1901,2016-08-23,2016-09-19,1.7.7,1.8.2,1.8.2,[1.7.7, 1.8.1, 1.9.0, 1.8.0, 1.8.1],0
AVRO-1902,2016-08-30,2018-11-21,1.8.1,1.8.2,1.9.0,[1.8.1, 1.8.2],0
AVRO-1906,2016-08-31,2018-11-29,1.8.1,1.8.2,1.9.0,[1.8.1, 1.8.2],0
AVRO-1904,2016-08-31,2018-11-29,1.8.1,1.8.2,1.9.0,[1.8.1, 1.8.2],0
AVRO-1908,2016-09-04,2016-09-08,1.8.0,1.8.2,1.8.2,[1.8.0, 1.8.1],0
AVRO-1912,2016-09-09,2017-01-29,1.8.0,1.8.2,1.8.2,[1.8.0, 1.8.1],0
AVRO-1914,2016-09-14,2016-09-15,1.8.0,1.8.2,1.8.2,[1.8.0, 1.8.1],0
AVRO-1921,2016-09-19,2016-09-19,1.8.0,1.8.2,1.8.2,[1.8.0, 1.8.1],0
AVRO-1923,2016-09-22,2016-10-04,1.8.0,1.8.2,1.8.2,[1.8.0, 1.8.1],0
AVRO-1929,2016-10-04,2017-08-18,1.7.7,1.8.2,1.9.0,[1.7.7, 1.8.0, 1.8.1, 1.9.0, 1.8.0, 1.8.1, 1.8.2],0
AVRO-1930,2016-10-05,2017-01-29,1.8.1,1.8.2,1.8.2,[1.8.1],0
AVRO-1931,2016-10-07,2017-08-18,1.7.7,1.8.2,1.9.0,[1.7.7, 1.8.1, 1.8.0, 1.8.1, 1.8.2],0
AVRO-1937,2016-10-21,2017-02-18,1.8.1,1.8.2,1.8.2,[1.8.1],0
AVRO-1943,2016-10-26,2016-10-31,1.8.1,1.8.2,1.8.2,[1.8.1],0
AVRO-1944,2016-10-26,2016-11-01,1.8.0,1.8.2,1.8.2,[1.8.0, 1.8.1],0
AVRO-1947,2016-11-03,2016-11-04,1.8.1,1.8.2,1.8.2,[1.8.1],0
AVRO-1954,2016-11-07,2017-01-20,1.8.1,1.8.2,1.8.2,[1.8.1, 1.9.0],0
AVRO-1955,2016-11-09,2018-12-10,1.8.1,1.8.2,1.9.0,[1.8.1, 1.8.2],0
AVRO-1957,2016-11-10,2018-01-29,1.8.1,1.8.2,1.9.0,[1.8.1, 1.8.2],0
AVRO-1966,2016-11-30,2016-12-01,1.8.1,1.8.2,1.8.2,[1.8.1],0
AVRO-1965,2016-11-30,2022-03-03,1.8.1,1.8.2,1.11.1,[1.8.1, 1.8.2, 1.9.0, 1.9.1, 1.9.2, 1.10.0, 1.10.1, 1.10.2, 1.11.0],0
AVRO-1967,2016-12-01,2016-12-17,1.8.0,1.8.2,1.8.2,[1.8.0, 1.8.1],0
AVRO-1970,2016-12-19,2017-01-10,1.8.1,1.8.2,1.8.2,[1.8.1],0
AVRO-1972,2016-12-22,2017-02-07,1.8.1,1.8.2,1.8.2,[1.8.1],0
AVRO-1985,2017-01-18,2017-06-16,1.8.1,1.8.2,1.9.0,[1.8.1, 1.8.2],0
AVRO-1987,2017-01-24,2017-02-06,1.8.1,1.8.2,1.8.2,[1.8.1],0
AVRO-1995,2017-01-30,2017-01-31,1.8.0,1.8.2,1.8.2,[1.8.0, 1.8.1],0
AVRO-1996,2017-01-30,2017-02-14,1.8.0,1.8.2,1.8.2,[1.8.0, 1.8.1],0
AVRO-1994,2017-01-30,2017-02-19,1.8.0,1.8.2,1.8.2,[1.8.0, 1.8.1],0
AVRO-1997,2017-02-06,2017-02-28,1.8.1,1.8.2,1.8.2,[1.8.1, 1.8.2],0
AVRO-2004,2017-03-03,2018-12-10,1.8.1,1.8.2,1.9.0,[1.8.1, 1.8.2],0
AVRO-2010,2017-03-18,2018-11-13,1.8.1,1.8.2,1.9.0,[1.8.1, 1.8.2],0
AVRO-2012,2017-03-26,2017-04-06,1.7.7,1.8.2,1.8.2,[1.7.7, 1.8.0, 1.8.1],0
AVRO-2027,2017-04-22,2019-11-03,1.8.1,1.8.2,1.9.2,[1.8.1, 1.8.2, 1.9.0, 1.9.1],0
AVRO-2033,2017-05-10,2017-05-22,1.7.7,1.8.2,1.9.0,[1.7.7, 1.8.0, 1.8.1, 1.8.2],0
AVRO-2034,2017-05-11,2018-12-11,1.8.1,1.8.2,1.9.0,[1.8.1, 1.8.2],0
AVRO-2035,2017-05-17,2018-02-27,1.8.1,1.9.0,1.9.0,[1.8.1, 1.8.2],0
AVRO-2051,2017-07-17,2018-11-07,1.8.2,1.9.0,1.9.0,[1.8.2],0
AVRO-2058,2017-07-27,2018-12-10,1.8.2,1.9.0,1.9.0,[1.8.2],0
AVRO-2060,2017-08-01,2017-08-02,1.8.2,1.9.0,1.9.0,[1.8.2],0
AVRO-2063,2017-08-04,2018-12-10,1.8.2,1.9.0,1.9.0,[1.8.2],0
AVRO-2066,2017-08-14,2017-09-01,1.8.1,1.9.0,1.9.0,[1.8.1, 1.8.2],0
AVRO-2065,2017-08-14,2018-12-11,1.8.2,1.9.0,1.9.0,[1.8.2],0
AVRO-2072,2017-08-30,2017-09-12,1.7.7,1.9.0,1.9.0,[1.7.7, 1.8.1, 1.8.0, 1.8.1, 1.8.2],0
AVRO-2080,2017-09-20,2017-12-13,1.8.2,1.9.0,1.9.0,[1.8.2],0
AVRO-2081,2017-09-25,2018-04-01,1.8.2,1.9.0,1.9.0,[1.8.2],0
AVRO-2096,2017-10-16,2020-09-25,1.8.0,1.9.0,1.10.1,[1.8.0, 1.8.1, 1.8.2, 1.9.0, 1.9.1, 1.9.2, 1.10.0],0
AVRO-2118,2017-12-13,2017-12-22,1.8.1,1.9.0,1.9.0,[1.8.1, 1.8.2],0
AVRO-2120,2017-12-18,2018-01-02,1.8.2,1.9.0,1.9.0,[1.8.2],0
AVRO-2122,2018-01-03,2018-01-23,1.8.2,1.9.0,1.9.0,[1.8.2],0
AVRO-2131,2018-01-17,2018-11-29,1.8.1,1.9.0,1.9.0,[1.8.1, 1.8.2],0
AVRO-2144,2018-02-13,2019-03-28,1.8.2,1.9.0,1.9.0,[1.8.2],0
AVRO-2157,2018-03-09,2018-03-14,1.8.1,1.9.0,1.9.0,[1.8.1, 1.8.2, 1.8.2],0
AVRO-2174,2018-05-04,2020-02-23,1.8.2,1.9.0,1.10.0,[1.8.2, 1.9.0, 1.9.1, 1.9.2],0
AVRO-2179,2018-05-17,2018-11-08,1.8.2,1.9.0,1.9.0,[1.8.2],0
AVRO-2181,2018-05-28,2018-11-27,1.8.2,1.9.0,1.9.0,[1.8.2],0
AVRO-2182,2018-05-29,2019-04-01,1.8.2,1.9.0,1.9.0,[1.8.2],0
AVRO-2183,2018-05-30,2018-11-10,1.8.1,1.9.0,1.9.0,[1.8.1, 1.8.2],0
AVRO-2184,2018-06-01,2018-12-11,1.8.1,1.9.0,1.9.0,[1.8.1, 1.8.2],0
AVRO-2186,2018-06-05,2018-10-05,1.8.2,1.9.0,1.9.0,[1.8.2],0
AVRO-2189,2018-06-13,2018-06-15,1.8.1,1.9.0,1.9.0,[1.8.1, 1.8.2],0
AVRO-2202,2018-07-26,2019-04-05,1.8.2,1.9.0,1.9.0,[1.8.2],0
AVRO-2207,2018-08-06,2018-11-01,1.8.2,1.9.0,1.9.0,[1.8.2],0
AVRO-2208,2018-08-09,2018-11-01,1.8.2,1.9.0,1.9.0,[1.8.2],0
AVRO-2209,2018-08-12,2018-10-04,1.8.2,1.9.0,1.9.0,[1.8.2],0
AVRO-2213,2018-08-20,2018-10-02,1.8.2,1.9.0,1.9.0,[1.8.2],0
AVRO-2212,2018-08-20,2019-03-04,1.8.2,1.9.0,1.9.0,[1.8.2],0
AVRO-2217,2018-08-22,2018-11-12,1.8.2,1.9.0,1.9.0,[1.8.2],0
AVRO-2220,2018-09-11,2018-10-02,1.8.1,1.9.0,1.9.0,[1.8.1, 1.8.2],0
AVRO-2222,2018-09-12,2018-10-02,1.8.0,1.9.0,1.9.0,[1.8.0, 1.8.1, 1.8.2, 1.10.0, 1.8.1, 1.8.2],0
AVRO-2226,2018-09-14,2019-11-03,1.8.2,1.9.0,1.9.2,[1.8.2, 1.9.0, 1.9.1],0
AVRO-2230,2018-09-27,2018-10-05,1.8.1,1.9.0,1.9.0,[1.8.1, 1.8.2],0
AVRO-2236,2018-10-04,2023-08-01,1.8.2,1.9.0,1.11.3,[1.8.2, 1.9.0, 1.9.1, 1.9.2, 1.10.0, 1.10.1, 1.10.2, 1.11.0, 1.11.1, 1.11.2],0
AVRO-2240,2018-10-08,2018-11-07,1.8.2,1.9.0,1.9.0,[1.8.2],0
AVRO-2244,2018-10-17,2018-11-20,1.8.1,1.9.0,1.9.0,[1.8.1, 1.8.2],0
AVRO-2278,2018-11-27,2020-05-22,1.8.2,1.9.0,1.10.0,[1.8.2, 1.9.2, 1.9.0, 1.9.1, 1.9.2],0
AVRO-2280,2018-12-03,2018-12-25,1.8.1,1.9.0,1.9.0,[1.8.1, 1.8.2],0
AVRO-2284,2018-12-13,2023-07-24,1.8.2,1.9.0,1.11.3,[1.8.2, 1.9.0, 1.9.1, 1.9.2, 1.10.0, 1.10.1, 1.10.2, 1.11.0, 1.11.1, 1.11.2],0
AVRO-2286,2018-12-19,2018-12-20,1.8.2,1.9.0,1.9.0,[1.8.2],0
AVRO-2298,2019-01-07,2019-06-25,1.8.2,1.9.0,1.9.1,[1.8.2, 1.9.0],0
AVRO-2301,2019-01-12,2019-06-10,1.8.2,1.9.0,1.9.1,[1.8.2, 1.9.0],0
AVRO-2302,2019-01-18,2019-02-07,1.8.2,1.9.0,1.9.0,[1.8.2],0
AVRO-2306,2019-01-23,2019-01-23,1.8.2,1.9.0,1.9.0,[1.8.2],0
AVRO-2382,2019-04-27,2020-07-09,1.8.2,1.9.0,1.10.1,[1.8.2, 1.9.1, 1.10.0, 1.9.0, 1.9.1, 1.9.2, 1.10.0],0
AVRO-2392,2019-05-10,2019-05-31,1.8.2,1.9.0,1.9.1,[1.8.2, 1.9.0],0
AVRO-2394,2019-05-11,2019-05-17,1.8.2,1.9.0,1.9.1,[1.8.2, 1.9.0],0
AVRO-2400,2019-05-17,2019-06-14,1.8.2,1.9.1,1.9.1,[1.8.2, 1.9.0],0
AVRO-2408,2019-05-27,2019-05-28,1.8.2,1.9.1,1.9.1,[1.8.2, 1.9.0],0
AVRO-2415,2019-06-06,2019-06-17,1.9.0,1.9.1,1.9.1,[1.9.0],0
AVRO-2432,2019-06-19,2019-10-28,1.9.0,1.9.1,1.9.2,[1.9.0, 1.9.1],0
AVRO-2431,2019-06-19,2019-10-28,1.9.0,1.9.1,1.9.2,[1.9.0, 1.9.1],0
AVRO-2429,2019-06-19,2019-11-06,1.9.0,1.9.1,1.9.2,[1.9.0, 1.9.1],0
AVRO-2433,2019-06-20,2019-06-22,1.8.2,1.9.1,1.9.1,[1.8.2, 1.9.0],0
AVRO-2438,2019-06-21,2020-05-26,1.8.2,1.9.1,1.10.0,[1.8.2, 1.9.0, 1.9.0, 1.9.1, 1.9.2],0
AVRO-2443,2019-06-22,2019-06-24,1.8.2,1.9.1,1.9.1,[1.8.2, 1.9.0],0
AVRO-2442,2019-06-22,2019-06-28,1.9.0,1.9.1,1.9.1,[1.9.0],0
AVRO-2444,2019-06-23,2019-06-24,1.8.2,1.9.1,1.9.1,[1.8.2, 1.9.0],0
AVRO-2448,2019-06-25,2019-06-26,1.8.2,1.9.1,1.9.1,[1.8.2, 1.9.0],0
AVRO-2450,2019-06-25,2019-07-01,1.9.0,1.9.1,1.9.1,[1.9.0],0
AVRO-2465,2019-07-05,2019-08-19,1.8.2,1.9.1,1.9.1,[1.8.2, 1.9.0],0
AVRO-2466,2019-07-06,2019-07-23,1.8.2,1.9.1,1.9.1,[1.8.2, 1.9.0],0
AVRO-2468,2019-07-07,2019-08-20,1.8.2,1.9.1,1.9.1,[1.8.2, 1.9.0],0
AVRO-2470,2019-07-09,2019-11-19,1.9.0,1.9.1,1.9.2,[1.9.0, 1.9.1],0
AVRO-2471,2019-07-12,2021-03-04,1.9.0,1.9.1,1.10.2,[1.9.0, 1.9.1, 1.9.2, 1.10.0, 1.10.1],0
AVRO-2483,2019-07-25,2019-07-25,1.8.2,1.9.1,1.9.1,[1.8.2, 1.9.0],0
AVRO-2486,2019-07-26,2020-05-21,1.8.0,1.9.1,1.10.0,[1.8.0, 1.8.1, 1.8.2, 1.9.0, 1.8.1, 1.8.2, 1.9.0, 1.9.1, 1.9.2],0
AVRO-2489,2019-07-30,2019-07-30,1.9.0,1.9.1,1.9.1,[1.9.0],0
AVRO-2491,2019-07-30,2019-08-20,1.9.0,1.9.1,1.9.1,[1.9.0],0
AVRO-2493,2019-07-31,2020-05-26,1.9.0,1.9.1,1.10.0,[1.9.0, 1.9.1, 1.9.2],0
AVRO-2499,2019-08-05,2020-05-26,1.9.0,1.9.1,1.10.0,[1.9.0, 1.9.1, 1.9.2],0
AVRO-2498,2019-08-05,2021-11-16,1.8.1,1.9.1,1.11.1,[1.8.1, 1.8.2, 1.9.0, 1.9.1, 1.9.2, 1.10.0, 1.10.1, 1.10.2, 1.11.0],0
AVRO-2500,2019-08-06,2019-08-08,1.9.0,1.9.1,1.9.1,[1.9.0],0
AVRO-2503,2019-08-11,2019-10-23,1.9.0,1.9.1,1.9.2,[1.9.0, 1.9.1],0
AVRO-2517,2019-08-21,2019-08-23,1.9.0,1.9.1,1.9.1,[1.9.0],0
AVRO-2516,2019-08-21,2019-08-23,1.8.2,1.9.1,1.9.1,[1.8.2, 1.9.0],0
AVRO-2519,2019-08-23,2020-10-02,1.9.0,1.9.1,1.10.1,[1.9.0, 1.9.1, 1.9.2, 1.10.0],0
AVRO-2522,2019-08-24,2019-10-06,1.9.0,1.9.1,1.9.2,[1.9.0, 1.9.1],0
AVRO-2523,2019-08-25,2020-05-21,1.9.0,1.9.1,1.10.0,[1.9.0, 1.9.1, 1.9.2],0
AVRO-2548,2019-09-05,2019-12-01,1.9.0,1.9.2,1.9.2,[1.9.0, 1.9.1],0
AVRO-2550,2019-09-06,2019-09-29,1.9.0,1.9.2,1.9.2,[1.9.0, 1.9.1],0
AVRO-2554,2019-09-09,2020-05-21,1.9.1,1.9.2,1.10.0,[1.9.1, 1.9.2],0
AVRO-2557,2019-09-12,2019-09-29,1.9.0,1.9.2,1.9.2,[1.9.0, 1.9.1],0
AVRO-2559,2019-09-12,2019-09-30,1.9.0,1.9.2,1.9.2,[1.9.0, 1.9.1],0
AVRO-2558,2019-09-12,2020-05-21,1.9.1,1.9.2,1.10.0,[1.9.1, 1.9.2],0
AVRO-2561,2019-09-14,2019-12-03,1.9.0,1.9.2,1.9.2,[1.9.0, 1.9.1],0
AVRO-2564,2019-09-17,2019-09-21,1.9.0,1.9.2,1.9.2,[1.9.0, 1.9.1],0
AVRO-2566,2019-09-19,2019-09-22,1.9.0,1.9.2,1.9.2,[1.9.0, 1.9.1],0
AVRO-2571,2019-09-25,2020-07-23,1.9.0,1.9.2,1.10.1,[1.9.0, 1.9.1, 1.9.2, 1.10.0],0
AVRO-2576,2019-09-29,2019-10-09,1.9.0,1.9.2,1.9.2,[1.9.0, 1.9.1],0
AVRO-2577,2019-09-29,2019-10-25,1.9.0,1.9.2,1.9.2,[1.9.0, 1.9.1],0
AVRO-2578,2019-09-30,2019-10-27,1.9.0,1.9.2,1.9.2,[1.9.0, 1.9.1],0
AVRO-2580,2019-10-06,2019-10-25,1.9.1,1.9.2,1.9.2,[1.9.1],0
AVRO-2579,2019-10-06,2020-05-26,1.9.1,1.9.2,1.10.0,[1.9.1, 1.9.2],0
AVRO-2590,2019-10-10,2019-10-18,1.9.0,1.9.2,1.9.2,[1.9.0, 1.9.1],0
AVRO-2593,2019-10-12,2019-10-22,1.9.1,1.9.2,1.9.2,[1.9.1],0
AVRO-2592,2019-10-12,2020-01-31,1.9.1,1.9.2,1.9.2,[1.9.1],0
AVRO-2595,2019-10-14,2019-12-01,1.9.0,1.9.2,1.9.2,[1.9.0, 1.9.1],0
AVRO-2600,2019-10-18,2019-11-04,1.9.0,1.9.2,1.9.2,[1.9.0, 1.9.1, 1.9.1],0
AVRO-2604,2019-10-23,2020-01-08,1.9.1,1.9.2,1.9.2,[1.9.1],0
AVRO-2606,2019-10-27,2019-11-05,1.9.1,1.9.2,1.9.2,[1.9.1],0
AVRO-2608,2019-10-28,2020-05-21,1.9.1,1.9.2,1.10.0,[1.9.1, 1.9.2],0
AVRO-2617,2019-11-05,2019-11-17,1.9.1,1.9.2,1.9.2,[1.9.1],0
AVRO-2618,2019-11-05,2019-11-19,1.9.0,1.9.2,1.9.2,[1.9.0, 1.9.1],0
AVRO-2620,2019-11-06,2019-11-09,1.9.0,1.9.2,1.9.2,[1.9.0, 1.9.1],0
AVRO-2624,2019-11-13,2020-05-22,1.9.1,1.9.2,1.10.0,[1.9.1, 1.9.2],0
AVRO-2631,2019-11-16,2019-11-16,1.9.0,1.9.2,1.9.2,[1.9.0, 1.9.1],0
AVRO-2632,2019-11-17,2020-01-20,1.9.0,1.9.2,1.9.2,[1.9.0, 1.9.1],0
AVRO-2633,2019-11-18,2021-10-06,1.9.1,1.9.2,1.11.0,[1.9.1, 1.9.2, 1.10.0, 1.10.1, 1.10.2],0
AVRO-2641,2019-11-27,2020-02-04,1.8.0,1.9.2,1.9.2,[1.8.0, 1.8.1, 1.8.2, 1.9.0, 1.9.1],0
AVRO-2644,2019-11-30,2019-12-18,1.9.0,1.9.2,1.9.2,[1.9.0, 1.9.1],0
AVRO-2645,2019-12-02,2020-01-02,1.9.1,1.9.2,1.9.2,[1.9.1],0
AVRO-2648,2019-12-06,2020-05-21,1.9.1,1.9.2,1.10.0,[1.9.1, 1.9.2],0
AVRO-2657,2019-12-16,2019-12-19,1.9.0,1.9.2,1.9.2,[1.9.0, 1.9.1],0
AVRO-2663,2019-12-23,2020-01-13,1.9.1,1.9.2,1.9.2,[1.9.1],0
AVRO-2664,2019-12-26,2019-12-27,1.9.0,1.9.2,1.9.2,[1.9.0, 1.9.1],0
AVRO-2665,2019-12-27,2021-04-11,1.9.1,1.9.2,1.11.0,[1.9.1, 1.10.0, 1.9.2, 1.10.0, 1.10.1, 1.10.2],0
AVRO-2666,2019-12-27,2021-10-14,1.9.1,1.9.2,1.11.0,[1.9.1, 1.9.2, 1.10.0, 1.10.1, 1.10.2],0
AVRO-2668,2019-12-30,2020-05-29,1.9.1,1.9.2,1.10.0,[1.9.1, 1.9.2],0
AVRO-2675,2020-01-07,2020-01-14,1.9.0,1.9.2,1.9.2,[1.9.0, 1.9.1],0
AVRO-2677,2020-01-08,2020-01-11,1.9.0,1.9.2,1.9.2,[1.9.0, 1.9.1],0
AVRO-2702,2020-01-19,2020-11-24,1.9.1,1.9.2,1.10.1,[1.9.1, 1.9.2, 1.10.0],0
AVRO-2716,2020-01-23,2020-02-11,1.9.1,1.9.2,1.9.2,[1.9.1],0
AVRO-2714,2020-01-23,2020-05-22,1.9.1,1.9.2,1.10.0,[1.9.1, 1.9.2],0
AVRO-2718,2020-01-24,2020-05-21,1.9.1,1.9.2,1.10.0,[1.9.1, 1.9.2],0
AVRO-2720,2020-01-27,2021-07-15,1.9.0,1.9.2,1.11.0,[1.9.0, 1.9.1, 1.9.2, 1.10.0, 1.10.1, 1.10.2],0
AVRO-2722,2020-01-29,2022-01-05,1.9.1,1.9.2,1.11.1,[1.9.1, 1.9.2, 1.10.0, 1.10.1, 1.10.2, 1.11.0],0
AVRO-2725,2020-02-04,2020-02-04,1.9.0,1.9.2,1.9.2,[1.9.0, 1.9.1],0
AVRO-2726,2020-02-06,2020-02-06,1.9.0,1.9.2,1.9.2,[1.9.0, 1.9.1],0
AVRO-2741,2020-02-14,2020-02-22,1.9.2,1.10.0,1.10.0,[1.9.2, 1.10.0],0
AVRO-2747,2020-02-17,2020-02-19,1.9.2,1.10.0,1.10.0,[1.9.2],0
AVRO-2757,2020-02-21,2020-07-02,1.9.2,1.10.0,1.10.1,[1.9.2, 1.10.0],0
AVRO-2761,2020-02-24,2020-02-26,1.9.2,1.10.0,1.10.0,[1.9.2],0
AVRO-2765,2020-03-01,2020-04-22,1.9.2,1.10.0,1.10.0,[1.9.2],0
AVRO-2766,2020-03-02,2020-05-26,1.9.2,1.10.0,1.10.0,[1.9.2],0
AVRO-2768,2020-03-02,2020-08-04,1.9.2,1.10.0,1.10.1,[1.9.2, 1.10.0],0
AVRO-2770,2020-03-03,2020-05-21,1.9.2,1.10.0,1.10.0,[1.9.2],0
AVRO-2771,2020-03-05,2023-08-16,1.9.0,1.10.0,1.11.3,[1.9.0, 1.9.1, 1.9.2, 1.9.1, 1.9.2, 1.10.0, 1.10.1, 1.10.2, 1.11.0, 1.11.1, 1.11.2],0
AVRO-2780,2020-03-24,2020-06-08,1.9.2,1.10.0,1.10.0,[1.9.2],0
AVRO-2791,2020-04-07,2020-04-11,1.9.1,1.10.0,1.10.0,[1.9.1, 1.9.2],0
AVRO-2792,2020-04-08,2020-05-22,1.9.1,1.10.0,1.10.0,[1.9.1, 1.9.2],0
AVRO-2798,2020-04-13,2020-04-16,1.9.2,1.10.0,1.10.0,[1.9.2],0
AVRO-2800,2020-04-13,2020-05-09,1.9.1,1.10.0,1.10.0,[1.9.1, 1.9.2],0
AVRO-2807,2020-04-17,2020-04-20,1.9.1,1.10.0,1.10.0,[1.9.1, 1.9.2],0
AVRO-2817,2020-04-24,2020-10-14,1.9.2,1.10.0,1.10.1,[1.9.2, 1.10.0],0
AVRO-2827,2020-05-09,2020-05-11,1.9.1,1.10.0,1.10.0,[1.9.1, 1.9.2],0
AVRO-2828,2020-05-09,2020-05-13,1.9.1,1.10.0,1.10.0,[1.9.1, 1.9.2],0
AVRO-2829,2020-05-09,2020-05-21,1.9.1,1.10.0,1.10.0,[1.9.1, 1.9.2],0
AVRO-2833,2020-05-13,2020-05-13,1.9.1,1.10.0,1.10.0,[1.9.1, 1.9.2],0
AVRO-2836,2020-05-15,2020-05-26,1.9.2,1.10.0,1.10.0,[1.9.2],0
AVRO-2837,2020-05-15,2020-06-01,1.8.2,1.10.0,1.10.0,[1.8.2, 1.9.2, 1.9.0, 1.9.1, 1.9.2],0
AVRO-2844,2020-05-23,2020-05-27,1.8.2,1.10.0,1.10.0,[1.8.2, 1.9.2, 1.9.0, 1.9.1, 1.9.2],0
AVRO-2845,2020-05-24,2020-05-24,1.9.1,1.10.0,1.10.0,[1.9.1, 1.9.2],0
AVRO-2862,2020-06-08,2022-02-02,1.9.2,1.10.0,1.11.1,[1.9.2, 1.10.0, 1.10.1, 1.10.2, 1.11.0],0
AVRO-2866,2020-06-19,2021-11-23,1.9.1,1.10.0,1.11.1,[1.9.1, 1.9.2, 1.10.0, 1.10.1, 1.10.2, 1.11.0],0
AVRO-2867,2020-06-19,2021-12-22,1.9.1,1.10.0,1.11.1,[1.9.1, 1.9.2, 1.10.0, 1.10.1, 1.10.2, 1.11.0],0
AVRO-2870,2020-06-24,2022-04-30,1.9.1,1.10.0,1.11.1,[1.9.1, 1.9.2, 1.10.0, 1.10.1, 1.10.2, 1.11.0],0
AVRO-2875,2020-06-30,2020-11-12,1.10.0,1.10.1,1.10.1,[1.10.0],0
AVRO-2881,2020-07-04,2020-08-19,1.9.2,1.10.1,1.10.1,[1.9.2, 1.10.0],0
AVRO-2883,2020-07-07,2022-04-19,1.9.2,1.10.1,1.11.1,[1.9.2, 1.10.0, 1.10.1, 1.10.2, 1.11.0],0
AVRO-2885,2020-07-09,2023-08-17,1.8.2,1.10.1,1.11.3,[1.8.2, 1.9.2, 1.10.0, 1.9.0, 1.9.1, 1.9.2, 1.10.0, 1.10.1, 1.10.2, 1.11.0, 1.11.1, 1.11.2],0
AVRO-2898,2020-07-19,2021-01-20,1.10.0,1.10.1,1.10.2,[1.10.0, 1.10.1],0
AVRO-2903,2020-07-22,2021-10-12,1.9.2,1.10.1,1.11.0,[1.9.2, 1.10.0, 1.10.1, 1.10.2],0
AVRO-2905,2020-07-29,2020-09-30,1.10.0,1.10.1,1.10.1,[1.10.0],0
AVRO-2907,2020-07-30,2020-09-14,1.10.0,1.10.1,1.10.1,[1.10.0],0
AVRO-2908,2020-08-06,2020-08-13,1.9.2,1.10.1,1.10.1,[1.9.2, 1.10.0],0
AVRO-2924,2020-08-20,2020-11-12,1.10.0,1.10.1,1.10.1,[1.10.0],0
AVRO-2923,2020-08-20,2021-08-26,1.10.0,1.10.1,1.11.0,[1.10.0, 1.10.1, 1.10.2],0
AVRO-2925,2020-08-21,2020-09-11,1.10.0,1.10.1,1.10.1,[1.10.0],0
AVRO-2933,2020-09-29,2021-03-07,1.9.2,1.10.1,1.10.2,[1.9.2, 1.10.0, 1.10.0, 1.10.1],0
AVRO-2943,2020-10-23,2023-06-14,1.10.0,1.10.1,1.11.2,[1.10.0, 1.10.1, 1.10.2, 1.11.0, 1.11.1],0
AVRO-2944,2020-10-24,2021-02-03,1.9.2,1.10.1,1.10.2,[1.9.2, 1.10.0, 1.10.1],0
AVRO-2947,2020-10-30,2022-09-23,1.9.2,1.10.1,1.11.2,[1.9.2, 1.10.0, 1.10.0, 1.10.1, 1.10.2, 1.11.0, 1.11.1],0
AVRO-2983,2020-11-20,2021-01-14,1.10.0,1.10.1,1.10.2,[1.10.0, 1.10.1],0
AVRO-2998,2020-12-07,2021-03-05,1.10.0,1.10.2,1.10.2,[1.10.0, 1.10.1],0
AVRO-3003,2020-12-18,2022-04-19,1.10.1,1.10.2,1.11.1,[1.10.1, 1.10.2, 1.11.0],0
AVRO-3014,2020-12-30,2021-03-04,1.9.0,1.10.2,1.10.2,[1.9.0, 1.10.0, 1.9.1, 1.9.2, 1.10.0, 1.10.1],0
AVRO-3018,2021-01-01,2021-01-10,1.10.0,1.10.2,1.10.2,[1.10.0, 1.10.1],0
AVRO-3017,2021-01-01,2021-01-10,1.10.0,1.10.2,1.10.2,[1.10.0, 1.10.1],0
AVRO-3031,2021-01-29,2021-02-23,1.10.1,1.10.2,1.10.2,[1.10.1],0
AVRO-3044,2021-02-12,2021-03-05,1.10.1,1.10.2,1.10.2,[1.10.1],0
AVRO-3048,2021-02-17,2021-05-04,1.9.2,1.10.2,1.11.0,[1.9.2, 1.10.1, 1.10.0, 1.10.1, 1.10.2],0
AVRO-3049,2021-02-20,2021-02-24,1.10.0,1.10.2,1.10.2,[1.10.0, 1.10.1],0
AVRO-3054,2021-02-23,2021-05-15,1.10.1,1.10.2,1.11.0,[1.10.1, 1.10.2],0
AVRO-3075,2021-03-10,2021-09-13,1.10.1,1.10.2,1.11.0,[1.10.1, 1.10.2],0
AVRO-3076,2021-03-11,2022-06-17,1.10.1,1.10.2,1.11.1,[1.10.1, 1.10.2, 1.11.0],0
AVRO-3079,2021-03-17,2021-03-17,1.10.1,1.11.0,1.11.0,[1.10.1, 1.10.2],0
AVRO-3087,2021-03-18,2021-03-22,1.10.2,1.11.0,1.11.0,[1.10.2],0
AVRO-3092,2021-03-25,2021-04-01,1.10.1,1.11.0,1.11.0,[1.10.1, 1.10.2],0
AVRO-3094,2021-03-25,2021-04-06,1.9.2,1.11.0,1.11.0,[1.9.2, 1.10.2, 1.10.0, 1.10.1, 1.10.2],0
AVRO-3095,2021-03-25,2021-10-05,1.10.2,1.11.0,1.11.0,[1.10.2],0
AVRO-3104,2021-04-06,2021-05-28,1.10.2,1.11.0,1.11.0,[1.10.2],0
AVRO-3110,2021-04-12,2021-09-13,1.10.2,1.11.0,1.11.0,[1.10.2],0
AVRO-3111,2021-04-15,2021-04-16,1.10.1,1.11.0,1.11.0,[1.10.1, 1.10.2, 1.10.2],0
AVRO-3114,2021-04-20,2021-06-22,1.9.0,1.11.0,1.11.0,[1.9.0, 1.10.2, 1.9.1, 1.9.2, 1.10.0, 1.10.1, 1.10.2],0
AVRO-3118,2021-04-23,2021-05-28,1.10.2,1.11.0,1.11.0,[1.10.2],0
AVRO-3124,2021-04-29,2021-04-30,1.10.1,1.11.0,1.11.0,[1.10.1, 1.10.2],0
AVRO-3129,2021-04-29,2022-09-14,1.10.2,1.11.0,1.11.2,[1.10.2, 1.11.0, 1.11.1],0
AVRO-3133,2021-05-07,2022-02-05,1.10.2,1.11.0,1.11.1,[1.10.2, 1.11.0],0
AVRO-3134,2021-05-08,2021-09-13,1.10.2,1.11.0,1.11.0,[1.10.2],0
AVRO-3159,2021-06-17,2022-06-16,1.10.2,1.11.0,1.11.1,[1.10.2, 1.11.0],0
AVRO-3165,2021-06-30,2021-06-30,1.10.0,1.11.0,1.11.0,[1.10.0, 1.10.1, 1.10.2, 1.10.1, 1.10.2],0
AVRO-3171,2021-07-06,2021-09-13,1.10.1,1.11.0,1.11.0,[1.10.1, 1.10.2],0
AVRO-3180,2021-07-29,2021-07-31,1.10.1,1.11.0,1.11.0,[1.10.1, 1.10.2],0
AVRO-3182,2021-08-04,2021-09-06,1.10.2,1.11.0,1.11.0,[1.10.2],0
AVRO-3186,2021-08-13,2021-10-05,1.10.2,1.11.0,1.11.0,[1.10.2],0
AVRO-3201,2021-09-11,2021-09-13,1.10.1,1.11.0,1.11.0,[1.10.1, 1.10.2],0
AVRO-3203,2021-09-12,2021-10-06,1.10.1,1.11.0,1.11.0,[1.10.1, 1.10.2],0
AVRO-3212,2021-09-20,2021-09-21,1.10.2,1.11.0,1.11.0,[1.10.2],0
AVRO-3215,2021-09-22,2021-09-22,1.10.1,1.11.0,1.11.0,[1.10.1, 1.10.2],0
AVRO-3216,2021-09-22,2022-01-05,1.10.2,1.11.0,1.11.1,[1.10.2, 1.11.0],0
AVRO-3217,2021-09-24,2021-12-04,1.10.2,1.11.0,1.11.1,[1.10.2, 1.11.0],0
AVRO-3218,2021-09-27,2021-12-20,1.10.2,1.11.0,1.11.1,[1.10.2, 1.11.0],0
AVRO-3226,2021-10-07,2021-10-20,1.10.1,1.11.0,1.11.0,[1.10.1, 1.10.2],0
AVRO-3225,2021-10-07,2021-10-20,1.10.1,1.11.0,1.11.0,[1.10.1, 1.10.2],0
AVRO-3229,2021-10-11,2021-12-21,1.10.2,1.11.0,1.11.1,[1.10.2, 1.11.0],0
AVRO-3232,2021-10-13,2022-01-07,1.10.2,1.11.0,1.11.1,[1.10.2, 1.11.0],0
AVRO-3234,2021-10-15,2022-01-05,1.10.2,1.11.0,1.11.1,[1.10.2, 1.11.0],0
AVRO-3240,2021-10-21,2022-01-07,1.10.2,1.11.0,1.11.1,[1.10.2, 1.11.0],0
AVRO-3251,2021-11-09,2021-12-22,1.11.0,1.11.1,1.11.1,[1.11.0],0
AVRO-3252,2021-11-15,2021-12-20,1.10.2,1.11.1,1.11.1,[1.10.2, 1.11.0],0
AVRO-3256,2021-11-18,2021-12-04,1.11.0,1.11.1,1.11.1,[1.11.0],0
AVRO-3258,2021-11-23,2021-12-09,1.11.0,1.11.1,1.11.1,[1.11.0],0
AVRO-3259,2021-11-25,2022-02-10,1.10.2,1.11.1,1.11.1,[1.10.2, 1.11.0],0
AVRO-3263,2021-12-12,2021-12-15,1.10.2,1.11.1,1.11.1,[1.10.2, 1.11.0],0
AVRO-3265,2021-12-12,2021-12-22,1.11.0,1.11.1,1.11.1,[1.11.0],0
AVRO-3269,2021-12-13,2021-12-14,1.10.2,1.11.1,1.11.1,[1.10.2, 1.11.0],0
AVRO-3268,2021-12-13,2021-12-14,1.10.2,1.11.1,1.11.1,[1.10.2, 1.11.0],0
AVRO-3266,2021-12-13,2022-07-01,1.10.2,1.11.1,1.11.1,[1.10.2, 1.11.0],0
AVRO-3273,2021-12-23,2022-01-20,1.11.0,1.11.1,1.11.1,[1.11.0],0
AVRO-3316,2022-01-20,2022-01-20,1.10.2,1.11.1,1.11.1,[1.10.2, 1.11.0],0
AVRO-3322,2022-01-25,2022-01-31,1.10.2,1.11.1,1.11.1,[1.10.2, 1.11.0],0
AVRO-3331,2022-01-28,2022-02-02,1.10.2,1.11.1,1.11.1,[1.10.2, 1.11.0],0
AVRO-3370,2022-02-04,2022-03-08,1.10.2,1.11.1,1.11.1,[1.10.2, 1.11.0],0
AVRO-3371,2022-02-05,2022-02-07,1.11.0,1.11.1,1.11.1,[1.11.0],0
AVRO-3375,2022-02-07,2022-02-18,1.11.0,1.11.1,1.11.1,[1.11.0],0
AVRO-3374,2022-02-07,2022-06-24,1.11.0,1.11.1,1.11.1,[1.11.0],0
AVRO-3380,2022-02-09,2022-02-11,1.11.0,1.11.1,1.11.1,[1.11.0],0
AVRO-3386,2022-02-10,2022-02-11,1.10.2,1.11.1,1.11.1,[1.10.2, 1.11.0],0
AVRO-3382,2022-02-10,2022-02-18,1.11.0,1.11.1,1.11.1,[1.11.0],0
AVRO-3410,2022-02-21,2022-02-21,1.10.2,1.11.1,1.11.1,[1.10.2, 1.11.0],0
AVRO-3412,2022-02-22,2022-02-23,1.11.0,1.11.1,1.11.1,[1.11.0],0
AVRO-3413,2022-02-23,2022-03-17,1.10.2,1.11.1,1.11.1,[1.10.2, 1.11.0],0
AVRO-3417,2022-02-25,2022-02-25,1.10.2,1.11.1,1.11.1,[1.10.2, 1.11.0],0
AVRO-3433,2022-03-06,2022-03-08,1.10.2,1.11.1,1.11.1,[1.10.2, 1.11.0],0
AVRO-3440,2022-03-08,2022-03-10,1.11.0,1.11.1,1.11.1,[1.11.0],0
AVRO-3442,2022-03-09,2022-03-10,1.10.2,1.11.1,1.11.1,[1.10.2, 1.11.0],0
AVRO-3448,2022-03-12,2022-03-18,1.10.2,1.11.1,1.11.1,[1.10.2, 1.11.0],0
AVRO-3452,2022-03-17,2022-03-22,1.10.2,1.11.1,1.11.1,[1.10.2, 1.11.0],0
AVRO-3460,2022-03-19,2022-03-24,1.10.2,1.11.1,1.11.1,[1.10.2, 1.11.0],0
AVRO-3461,2022-03-20,2022-03-20,1.10.2,1.11.1,1.11.1,[1.10.2, 1.11.0],0
AVRO-3471,2022-03-24,2022-03-29,1.10.2,1.11.1,1.11.1,[1.10.2, 1.11.0],0
AVRO-3468,2022-03-24,2022-03-29,1.11.0,1.11.1,1.11.1,[1.11.0],0
AVRO-3481,2022-04-07,2022-04-19,1.11.0,1.11.1,1.11.1,[1.11.0],0
AVRO-3482,2022-04-08,2022-04-27,1.10.2,1.11.1,1.11.1,[1.10.2, 1.11.0],0
AVRO-3495,2022-04-18,2022-04-19,1.10.2,1.11.1,1.11.1,[1.10.2, 1.11.0],0
AVRO-3511,2022-05-05,2022-05-05,1.11.0,1.11.1,1.11.1,[1.11.0],0
AVRO-3516,2022-05-11,2022-05-11,1.10.2,1.11.1,1.11.1,[1.10.2, 1.11.0],0
AVRO-3521,2022-05-17,2022-06-17,1.10.2,1.11.1,1.11.1,[1.10.2, 1.11.0],0
AVRO-3529,2022-06-05,2022-06-07,1.10.2,1.11.1,1.11.1,[1.10.2, 1.11.0],0
AVRO-3534,2022-06-09,2022-06-09,1.10.2,1.11.1,1.11.1,[1.10.2, 1.11.0],0
AVRO-3531,2022-06-09,2022-07-04,1.11.0,1.11.1,1.11.1,[1.11.0],0
AVRO-3536,2022-06-15,2022-11-16,1.11.0,1.11.1,1.11.2,[1.11.0, 1.11.1],0
AVRO-3537,2022-06-20,2022-06-21,1.10.2,1.11.1,1.11.1,[1.10.2, 1.11.0],0
AVRO-3541,2022-06-21,2022-06-21,1.10.2,1.11.1,1.11.1,[1.10.2, 1.11.0],0
AVRO-3549,2022-06-27,2022-06-28,1.10.2,1.11.1,1.11.1,[1.10.2, 1.11.0],0
AVRO-3553,2022-06-28,2022-06-29,1.10.2,1.11.1,1.11.1,[1.10.2, 1.11.0],0
AVRO-3560,2022-06-30,2023-06-14,1.11.0,1.11.1,1.11.2,[1.11.0, 1.11.1],0
AVRO-3564,2022-07-01,2022-07-04,1.10.2,1.11.1,1.11.1,[1.10.2, 1.11.0],0
AVRO-3568,2022-07-03,2022-08-30,1.11.0,1.11.1,1.11.2,[1.11.0, 1.11.1],0
AVRO-3581,2022-07-18,2022-07-21,1.11.0,1.11.1,1.11.1,[1.11.0],0
AVRO-3585,2022-07-22,2022-07-25,1.10.2,1.11.1,1.11.1,[1.10.2, 1.11.0],0
AVRO-3587,2022-07-25,2022-07-25,1.10.2,1.11.1,1.11.1,[1.10.2, 1.11.0],0
AVRO-3595,2022-08-05,2022-08-09,1.11.1,1.11.2,1.11.2,[1.11.1],0
AVRO-3598,2022-08-08,2022-08-08,1.11.1,1.11.2,1.11.2,[1.11.1],0
AVRO-3597,2022-08-08,2022-09-01,1.11.1,1.11.2,1.11.2,[1.11.1],0
AVRO-3601,2022-08-10,2022-08-11,1.11.0,1.11.2,1.11.2,[1.11.0, 1.11.1],0
AVRO-3613,2022-08-22,2022-08-30,1.11.0,1.11.2,1.11.2,[1.11.0, 1.11.1],0
AVRO-3612,2022-08-22,2023-08-17,1.11.1,1.11.2,1.11.3,[1.11.1, 1.11.2],0
AVRO-3618,2022-08-24,2022-09-14,1.11.0,1.11.2,1.11.2,[1.11.0, 1.11.1],0
AVRO-3622,2022-08-29,2022-09-08,1.11.1,1.11.2,1.11.2,[1.11.1],0
AVRO-3625,2022-09-07,2022-09-09,1.11.1,1.11.2,1.11.2,[1.11.1],0
AVRO-3628,2022-09-13,2022-09-14,1.11.1,1.11.2,1.11.2,[1.11.1],0
AVRO-3632,2022-10-07,2022-10-10,1.11.1,1.11.2,1.11.2,[1.11.1],0
AVRO-3642,2022-10-17,2022-10-18,1.11.0,1.11.2,1.11.2,[1.11.0, 1.11.1],0
AVRO-3645,2022-10-19,2022-10-19,1.11.0,1.11.2,1.11.2,[1.11.0, 1.11.1],0
AVRO-3650,2022-10-19,2022-10-21,1.11.0,1.11.2,1.11.2,[1.11.0, 1.11.1],0
AVRO-3656,2022-10-27,2022-10-28,1.11.1,1.11.2,1.11.2,[1.11.1],0
AVRO-3657,2022-10-28,2022-11-14,1.11.0,1.11.2,1.11.2,[1.11.0, 1.11.1],0
AVRO-3659,2022-10-30,2022-11-04,1.11.1,1.11.2,1.11.2,[1.11.1],0
AVRO-3663,2022-11-07,2022-11-07,1.11.0,1.11.2,1.11.2,[1.11.0, 1.11.1],0
AVRO-3662,2022-11-07,2022-11-14,1.11.0,1.11.2,1.11.2,[1.11.0, 1.11.1],0
AVRO-3667,2022-11-09,2022-11-14,1.11.0,1.11.2,1.11.2,[1.11.0, 1.11.1],0
AVRO-3669,2022-11-10,2022-11-14,1.11.0,1.11.2,1.11.2,[1.11.0, 1.11.1],0
AVRO-3674,2022-11-15,2022-11-18,1.11.0,1.11.2,1.11.2,[1.11.0, 1.11.1],0
AVRO-3676,2022-11-23,2022-11-23,1.11.0,1.11.2,1.11.2,[1.11.0, 1.11.1],0
AVRO-3683,2022-12-02,2023-03-13,1.11.1,1.11.2,1.11.2,[1.11.1],0
AVRO-3688,2022-12-13,2022-12-13,1.11.0,1.11.2,1.11.2,[1.11.0, 1.11.1],0
AVRO-3698,2023-01-05,2023-01-10,1.11.1,1.11.2,1.11.2,[1.11.1],0
AVRO-3706,2023-01-13,2023-02-08,1.11.0,1.11.2,1.11.2,[1.11.0, 1.11.1, 1.11.1],0
AVRO-3712,2023-02-05,2023-02-07,1.11.0,1.11.2,1.11.2,[1.11.0, 1.11.1],0
AVRO-3713,2023-02-09,2023-02-17,1.11.0,1.11.2,1.11.2,[1.11.0, 1.11.1],0
AVRO-3715,2023-02-16,2023-02-19,1.11.0,1.11.2,1.11.2,[1.11.0, 1.11.1],0
AVRO-3717,2023-02-18,2023-02-18,1.11.0,1.11.2,1.11.2,[1.11.0, 1.11.1],0
AVRO-3718,2023-02-19,2023-02-20,1.11.0,1.11.2,1.11.2,[1.11.0, 1.11.1],0
AVRO-3737,2023-04-19,2023-06-14,1.11.1,1.11.2,1.11.2,[1.11.1],0
AVRO-3747,2023-04-27,2023-05-11,1.11.0,1.11.2,1.11.2,[1.11.0, 1.11.1],0
AVRO-3749,2023-04-30,2023-08-18,1.11.1,1.11.2,1.11.3,[1.11.1, 1.11.2],0
AVRO-3751,2023-05-04,2023-08-17,1.11.1,1.11.2,1.11.3,[1.11.1, 1.11.2],0
AVRO-3755,2023-05-05,2023-05-09,1.11.0,1.11.2,1.11.2,[1.11.0, 1.11.1],0
AVRO-3756,2023-05-07,2023-06-14,1.11.0,1.11.2,1.11.2,[1.11.0, 1.11.1],0
AVRO-3761,2023-05-24,2023-06-16,1.11.1,1.11.2,1.11.2,[1.11.1],0
AVRO-3767,2023-06-01,2023-06-08,1.11.1,1.11.2,1.11.2,[1.11.1],0
AVRO-3769,2023-06-02,2023-06-07,1.11.0,1.11.2,1.11.2,[1.11.0, 1.11.1],0
AVRO-3772,2023-06-08,2023-06-16,1.9.0,1.11.2,1.11.2,[1.9.0, 1.9.1, 1.9.2, 1.10.0, 1.10.1, 1.10.2, 1.11.0, 1.11.1, 1.9.1, 1.9.2, 1.10.0, 1.10.1, 1.10.2, 1.11.0, 1.11.1],0
AVRO-3773,2023-06-09,2023-06-14,1.11.1,1.11.2,1.11.2,[1.11.1],0
AVRO-3775,2023-06-10,2023-06-16,1.11.1,1.11.2,1.11.2,[1.11.1],0
AVRO-3780,2023-06-13,2023-06-14,1.11.0,1.11.2,1.11.2,[1.11.0, 1.11.1],0
AVRO-3782,2023-06-14,2023-06-15,1.11.0,1.11.2,1.11.2,[1.11.0, 1.11.1],0
AVRO-3783,2023-06-16,2023-06-16,1.11.0,1.11.2,1.11.2,[1.11.0, 1.11.1],0
AVRO-3785,2023-06-23,2023-06-26,1.11.0,1.11.2,1.11.2,[1.11.0, 1.11.1],0
AVRO-3787,2023-06-26,2023-07-10,1.11.1,1.11.2,1.11.3,[1.11.1, 1.11.2],0
AVRO-3786,2023-06-26,2023-08-23,1.11.1,1.11.2,1.11.3,[1.11.1, 1.11.2],0
AVRO-3789,2023-07-05,2023-07-12,1.11.2,1.11.3,1.11.3,[1.11.2],0
AVRO-3795,2023-07-10,2023-07-14,1.11.2,1.11.3,1.11.3,[1.11.2],0
AVRO-3800,2023-07-17,2023-07-17,1.11.1,1.11.3,1.11.3,[1.11.1, 1.11.2],0
AVRO-3809,2023-07-21,2023-07-21,1.11.1,1.11.3,1.11.3,[1.11.1, 1.11.2],0
AVRO-3814,2023-07-26,2023-08-15,1.11.1,1.11.3,1.11.3,[1.11.1, 1.11.2],0
AVRO-3818,2023-07-30,2023-07-31,1.11.1,1.11.3,1.11.3,[1.11.1, 1.11.2],0
AVRO-3819,2023-07-31,2023-08-19,1.11.1,1.11.3,1.11.3,[1.11.1, 1.11.2],0
AVRO-3821,2023-08-02,2023-08-04,1.11.1,1.11.3,1.11.3,[1.11.1, 1.11.2],0
AVRO-3820,2023-08-02,2023-08-04,1.11.1,1.11.3,1.11.3,[1.11.1, 1.11.2],0
AVRO-3823,2023-08-03,2023-08-04,1.11.1,1.11.3,1.11.3,[1.11.1, 1.11.2],0
AVRO-3824,2023-08-04,2023-08-07,1.11.1,1.11.3,1.11.3,[1.11.1, 1.11.2],0
AVRO-3827,2023-08-09,2023-08-10,1.11.1,1.11.3,1.11.3,[1.11.1, 1.11.2],0
AVRO-3830,2023-08-11,2023-08-15,1.11.1,1.11.3,1.11.3,[1.11.1, 1.11.2],0
AVRO-3837,2023-08-19,2023-08-21,1.11.1,1.11.3,1.11.3,[1.11.1, 1.11.2],0
AVRO-3847,2023-08-26,2023-08-31,1.11.1,1.11.3,1.11.3,[1.11.1, 1.11.2],0
AVRO-3846,2023-08-26,2023-08-31,1.11.1,1.11.3,1.11.3,[1.11.1, 1.11.2],0
AVRO-3849,2023-09-01,2023-09-04,1.11.1,1.11.3,1.11.3,[1.11.1, 1.11.2],0
AVRO-3855,2023-09-13,2023-09-14,1.11.1,1.11.3,1.11.3,[1.11.1, 1.11.2],0
AVRO-3858,2023-09-17,2023-09-19,1.11.1,1.11.3,1.11.3,[1.11.1, 1.11.2],0
AVRO-3859,2023-09-17,2023-09-20,1.11.1,1.11.3,1.11.3,[1.11.1, 1.11.2],0
AVRO-3866,2023-09-20,2023-09-22,1.11.1,1.11.3,1.11.3,[1.11.1, 1.11.2],0
AVRO-3865,2023-09-20,2023-09-22,1.11.1,1.11.3,1.11.3,[1.11.1, 1.11.2],0
