id,committer,creationDate
032d5ac07d94c8b07376793f3d35e6f54aedb499,GitHub,2023-09-22
032d5ac07d94c8b07376793f3d35e6f54aedb499,GitHub,2023-09-22
73752a404c63fdfc0b132d1be891f80d66b4dca8,GitHub,2023-09-19
826bc5ec1de1f2f182fd7e8a65a9f756c4b4da7f,Martin Tzvetanov Grigorov,2023-09-14
8be32391bdeeb83e85737f87361da95996c52f38,GitHub,2023-09-14
7ff2d7a075debbf7e038f0a4f0674cb312d5473a,GitHub,2023-09-04
60796e5df4581589717cfa32952da792dec79b68,GitHub,2023-08-31
b9cbf9a090000d6a30ffb3b956aee9195b9d8047,GitHub,2023-08-31
699cfeec9e6c14d248a8e56d4e26ce782fbc8ba4,GitHub,2023-08-21
a12a7e44ddbe060c3dc731863cad5c15f9267828,GitHub,2023-08-19
2ad42c1136a1986f5640c4f41092bcba892da272,GitHub,2023-08-18
ff0a4d51336dcd1c8f0ec7485f8c28245634b641,GitHub,2023-08-17
2722f9b533e9dbba0fe4c6461df418768f33496d,GitHub,2023-08-17
5bd2bc7a492a611382cddc5db3b5bf0b1b7d2b83,GitHub,2023-08-17
52d9339997bfa452f0b30353bb01f90a0af30ba9,GitHub,2023-08-15
598911d80ea2feda984624632679b0e6e2696b9b,GitHub,2023-08-15
598911d80ea2feda984624632679b0e6e2696b9b,GitHub,2023-08-15
56a0e55d7a137844e3d23acde1a7aec6ceb353c1,GitHub,2023-08-15
3deb73c840fe2b966cda0094f8114f47cf6b131e,GitHub,2023-08-10
3bbde5987e939d56ee12c37559c5dfe6df7970ba,GitHub,2023-08-07
d05ca14e7de4281f5db464546dbc89537db1bcb1,GitHub,2023-08-04
dd7d8eeaed1fa98803d38bf72ed2a5739d49b208,GitHub,2023-07-31
e81c752235727b166e167701477eea2551a9f44b,Daniel Kulp,2023-07-31
8a006f0dae216a35ea558710a8d1804bf658777b,Daniel Kulp,2023-07-31
f78f9eb795c13f6eabf608e6a4fd3066266f0d9c,Daniel Kulp,2023-07-31
55c39370f7d62e7b459fa92b87492eae92536534,GitHub,2023-07-24
b431018996e9b408cde18b9c603e318056bddb05,GitHub,2023-07-21
ea1ed80ffe44ce46f3b009fb9d3ab911b7b5b4e5,GitHub,2023-07-20
b7023cfd730e2a503dcfafc6d77ded9fd973e552,GitHub,2023-07-14
a88cc9edb5ea12340b175152f5bdf8465e4b379f,GitHub,2023-07-12
8c3ee165432cf557429a984df6acbc075a848ac9,GitHub,2023-07-12
5e592a36586384df0024039fa02ed44460b8f4ef,GitHub,2023-07-10
76d2d5d50fe53f7c06f1a94fde6ff22d03e34d4e,GitHub,2023-06-26
2fb183159212e28fbea99dba60a491abe8cb7a96,GitHub,2023-06-16
1a14a00ea35220f7f6b0398cd6f01d936da3ec88,GitHub,2023-06-16
3b77d40ee13330646b106f3b66ad7670aa9b71b2,GitHub,2023-06-16
124632f266fa3ad7731f735406d1460cf91b9de6,GitHub,2023-06-16
adc0b5a2edd422eacc0665f2786b7ac615bbe16c,GitHub,2023-06-15
d06342a0a43fa4c1a5536179a6879ea619b279f9,GitHub,2023-06-14
017918eef75464b0bb0cad7bb8d24926b0fd632e,GitHub,2023-06-14
d7abd3608a2a784d0b8c44436f1e541239e312de,GitHub,2023-06-14
12d0655adaf232b82b4ca529ee985508950049d1,GitHub,2023-06-14
88985faf13321007d112c27b65dde55c77ca5608,GitHub,2023-06-13
ff5a42b2722978e84d7d578dd7abbf75b04d3acd,GitHub,2023-06-08
c2ae949a16a701752af14942ec157d6612abb455,GitHub,2023-05-11
903b5538900c6fdde996a5fe81cd324cf97ba538,GitHub,2023-05-09
61e74e5927a81d6c62e168de80d09e9b70e84753,GitHub,2023-05-05
5c0b17dec3dc0e9693db6e87a41b1d37ded7cfea,GitHub,2023-03-13
b8b83b72f7184cf1b388fc20331d11eabbd93e06,GitHub,2023-03-13
197a0ecaa00906b3a809c60df300ace796819df3,Daniel Kulp,2023-03-09
0f4cdc0cb986452c158f8d8a651ea92512ff8282,GitHub,2023-02-19
fa0bb7098083aba41c9aa9d9cf6383eb3e2c2696,GitHub,2023-02-18
ad5cf6857e28b655304a5f7f411c9d63f4ac3909,Niels Basjes,2023-02-17
72e38dc8ff4b78ad7c66e002208d404669f94ac8,Niels Basjes,2023-02-17
74bd287cff5ac09fd47e67d1d5814f331c52cee6,Niels Basjes,2023-02-17
0b17623c1ca98899b4b2b98b7e63a3508f61ea21,Niels Basjes,2023-02-16
f84392d47cebb7fb885c979262088c677a60ad09,Niels Basjes,2023-02-16
12adf0bc57cb1ddcb58a4f6aa41695fb7512140a,Niels Basjes,2023-02-16
b576f46fb8696f2dbe5bfb056d6ab2ed80ab4967,GitHub,2023-02-08
52d670f72dbb35e06755bd288ab6eca84a3920a5,GitHub,2023-02-07
d87a99d532719ba6f619ba68e07dbaa77fe4f84e,GitHub,2023-01-10
efe9aa7fbe457805dc894a9186e1267603d82dd2,GitHub,2022-12-13
bd18dbd28f66d98a5cdfb0a033457cd8cb2b139a,GitHub,2022-11-23
cb1e6f8329dd02c2eb58d9e71158442cda25bebb,GitHub,2022-11-18
81920d7b87f73fecd314bbc161a0fbcec18c9b80,GitHub,2022-11-18
000338a7ace22d39c994040db64a39fdae7d3432,GitHub,2022-11-16
35545f9de44658ccf5d28a9caa53a4c4fc73567a,GitHub,2022-11-14
53cdb411ef6477f0443b6a653d42354b8f6f3692,GitHub,2022-11-14
35d462e65754060948a480ee2ffdbd63caaac281,GitHub,2022-11-14
ddccc04dc62a9fddfc30fb3eab6156b93cf82cc6,GitHub,2022-11-14
48b9bacf308d6cd98cfb9cdb22e96aaaea324ecd,GitHub,2022-11-07
1834742813715a8d30aa38194481437174ed7776,GitHub,2022-11-04
016323828f147f185d03f50d2223a2f50bfafce1,GitHub,2022-10-21
3e3be73bdb7f42bb05babc9c89f38c0e08734e62,GitHub,2022-10-19
6d90ec4b1c4ba47dba16650c54b4c15265016190,GitHub,2022-10-18
92d57060f98f60de2a5e6eb95a91bc2bc5a61db6,GitHub,2022-10-10
b26fbee245e39fd1aed19c16711126979b311691,GitHub,2022-09-14
859645d4a55bd8d2890dafa1ce899ac990eaba9b,GitHub,2022-09-14
90b273ac6b038f319a7bcbfa4d7ba713a390c792,GitHub,2022-09-09
34845fd49af9cd00e98f5930c6ac6190da5ea6a3,GitHub,2022-09-08
0066daff46b66c0bd28b5525ba3d2f32f26046e3,GitHub,2022-09-01
1841ff115d52727094998b80798d52210b8addb6,GitHub,2022-08-30
1841ff115d52727094998b80798d52210b8addb6,GitHub,2022-08-30
864774b473202d11544cb869e9323de01c5ffe5c,GitHub,2022-08-11
9c91c4450643b2ae03f645977105bcc2a49ad0e1,GitHub,2022-08-08
68baaaefc16aac47d32c230f0240045087b4bc99,GitHub,2022-08-07
945820a9ce5a4ad67fb9a9cdacbddbaacfd2e5db,GitHub,2022-07-25
9c144131f1887a69221e5b30101ed890c214c277,GitHub,2022-07-21
820ed6e5ea4417b5735078bfd26c99f1305ea363,GitHub,2022-07-04
1d72182fd6afc149d33b5de8e2c68492c116732f,GitHub,2022-07-04
797cec66c4d4b2d4eaf909bfc2a7d98922e2b128,GitHub,2022-07-01
903fa84725ca5b2aaa1c740c9b0c3b4dcf24e023,GitHub,2022-06-29
d17c5cc5c066297a09208098627bbed062549dd7,GitHub,2022-06-28
f190f1e7d46f557881c3dc600df26d9d78a0233f,GitHub,2022-06-24
990ed3eb8a7b10ebdbde709458c7754ca4972b9c,GitHub,2022-06-21
41c5a3710d03b26bad5e90d04bfc51d6d9e20d65,GitHub,2022-06-21
5a80e32e6bba7d44fef0edfe333ff62c55da1392,GitHub,2022-06-17
659917b08184528999e3307e69fabc6a66fd07b3,GitHub,2022-06-17
8c723173cfcd42a098e374cdcb2416776f61393a,GitHub,2022-06-16
a8ee8778dfdccbc9bf5c8423d0d7dbdf1c2c0cbf,GitHub,2022-06-09
e1206ade30daca0cae5399fb1d88179bf3dbe7ec,GitHub,2022-06-07
3fafde2cf8dd4b3a34cf48347a346c436741ae91,GitHub,2022-05-11
ce74e7726b33ac414299a924c63a7a7bc036f8bd,GitHub,2022-05-05
76e55d8775efb02b5248aadf0bd512b137b58443,GitHub,2022-04-30
9dedb2b8f635a2545617a65b4fdf1f074c3fc1a0,GitHub,2022-04-27
3312b986e43252963d567e3b1137b8de33220696,GitHub,2022-04-19
cf0cb14de5498cf420265217e8f4d3a84dd2f4a4,GitHub,2022-04-19
3c3c05edf519ce41060c0534f0099c32f5bd8989,GitHub,2022-04-19
7673e8da822a9e27d7ff3e6258f91e2369b9f620,GitHub,2022-04-13
65eb24a6275632d02eed8bca54c71314bfdb42e2,GitHub,2022-03-29
7bbba423aeb25b4ffe9dde90be090a4311c32f92,GitHub,2022-03-29
fcc4e2dec64e8cbb011a388f5e612c2b09e4d3ef,GitHub,2022-03-24
8d0e53c3781e4fcfaac61e0bfd9c04b00115ad79,GitHub,2022-03-22
c7fdf69d811b57e888f31ffa520ebeb2f055f55b,GitHub,2022-03-20
128510c4e9c3a714279aa7cea22eda19080521f7,GitHub,2022-03-18
8e11c613e0b0b57cf06cae3d37cb86536375770b,GitHub,2022-03-10
80a9bf87b12c78c3db14b8d1419e7f77eb16f0d5,GitHub,2022-03-10
f4725ca1cdac1e7b9ef9c329caf5e4bfdc5b19c2,GitHub,2022-03-08
4b8dac4d0f210dce0b37d9f5c990d265f4ffc20b,GitHub,2022-03-08
aa22276152802a85cc628c418f304a164d82b3af,GitHub,2022-03-08
44b8cd23756b752bf9d0976574453c712dcd44d9,GitHub,2022-03-07
a0d5b943ddb9452ecc8b0d9d9e804f039ec9df1f,GitHub,2022-03-03
5d3931b9ed94a6a4558432f4993948329be35357,GitHub,2022-02-25
57a8cafebabc10f22d8e2214fd7ac1eb9c5ccda5,GitHub,2022-02-24
5d3f9a687484aac766783442f45fc66d02df530e,Martin Tzvetanov Grigorov,2022-02-21
4c24d9ddddc8cc7d507caf495a4f93f3c7255654,GitHub,2022-02-18
b8e7d7d4134318ddd7713d610a339b0cea9e12a3,GitHub,2022-02-18
5c645aefadaadacaa19c268db46df5c20e7908af,GitHub,2022-02-11
a5f8def249e7ee510d37bcf97fc60b3b87ae8001,GitHub,2022-02-10
11595499d6d410bf8663c365ad161e0c5d1e1358,GitHub,2022-02-10
9f37f912e9bde481a14a27e5553fb61a4df1277b,GitHub,2022-02-10
8988196545a17e76a984b07313dd4a86497c9e02,Martin Tzvetanov Grigorov,2022-02-09
9ab5ae3cd60b8c38c330e9483140d1a6f8d254cc,GitHub,2022-02-07
c35add7b29b5fab9229d79927a74f327bd56fa70,GitHub,2022-02-05
8ce603b6317638847fa547f0d2c587cd019903db,GitHub,2022-02-02
9917a55d858dcd74d53176fad5341eb3f8846ae8,Martin Tzvetanov Grigorov,2022-01-20
68484243164666833c03336b953c63c70a247b1a,GitHub,2022-01-20
c0bfb88abebff7ec754c20b7797cbbe6a548495b,Martin Tzvetanov Grigorov,2022-01-07
e8200cd2d40d9cf4a702905e6d2eeb9d589ec57a,GitHub,2022-01-07
36f34be4ae5a4c8b7a79867d6e082c5f608d5760,Martin Tzvetanov Grigorov,2022-01-07
00969b71fb23a15a4741b4c8e906b243db5386db,Martin Tzvetanov Grigorov,2022-01-07
7584320142768612bc7a58242231a476404bbceb,GitHub,2022-01-07
b76a437b970889255703ff48f7ee5981dfbcc17a,GitHub,2022-01-05
74f9a51c354f986aae3efc8766d321a0939ec45f,GitHub,2022-01-05
04e41fc2c8aa21e829f690e791e8aa2b0a049700,GitHub,2022-01-05
bbe3db4cc1ef68eaa129586beb5978e6315d598f,GitHub,2021-12-22
d97e81f96e11cf0b550234d7c76045bea1734ab3,GitHub,2021-12-22
1aa963c44d1b9da3dfcf74acb3eeed56439332a0,GitHub,2021-12-22
28f54cb35af3fab56985b710892cf9469aa7022d,GitHub,2021-12-21
57e0bbf961d0bffafe6dceddadc65f0defd84d80,GitHub,2021-12-18
895cdc8e2ebbf0341f292ff4ea684bf9cfbc68cb,GitHub,2021-12-18
8a5fc3cd17bdf6211097daf237e1e149efa78b56,GitHub,2021-12-15
c528cfd7582ccb67da5789bc6b114294f89805f4,GitHub,2021-12-14
d568e6d618e87ce176ba4f4dce29f44dc6da0507,GitHub,2021-12-14
c1dd47e9388bc30922f043877df15caedaff23af,GitHub,2021-12-09
0332fdfdf07343f33e6c9e2c28c491cd80c0bb88,GitHub,2021-12-04
64267e1f4e54a12551d02ff85e41c18090917e69,GitHub,2021-12-04
99547e0ee2e0a4a839253848d7b34bac7f5e4cea,GitHub,2021-11-16
a1fce29d9675b4dd95dfee9db32cc505d0b2227c,GitHub,2021-10-20
a1fce29d9675b4dd95dfee9db32cc505d0b2227c,GitHub,2021-10-20
0f4197d94cb4672e756129d49af5c52591e2528f,GitHub,2021-10-14
dee5e32f8581107c28f73dc95fff74c0b4efc6f1,GitHub,2021-10-12
753ff034cd853359ee1531a44d4ee8c4b85d8976,GitHub,2021-10-06
a86dde293841a5f7856c11c799ca6561e6745419,GitHub,2021-10-06
3fe5e306eaa43bdc06cef291321a8c04058a6be9,GitHub,2021-10-05
00a4f5c486baf2876bb0aaa3d1978285f0cf1d0a,GitHub,2021-10-05
2a353f42c18169756d04750fc3d056f1f3e7a292,GitHub,2021-09-21
4c9d326c9d8fc0320256034132fa6bbc90a37aa9,Daniel Kulp,2021-09-13
b815566e0f3ad3840588019b4cad6f3b6fb54971,Daniel Kulp,2021-09-13
fe40576cd22e93776e7e48302f4d3358b0b4a4e3,Daniel Kulp,2021-09-13
444ea493f2f210f7d9839b153f97d72671e64a7a,GitHub,2021-09-13
5d9984ef07d821d40d70341e2848a3b312798e5c,GitHub,2021-09-06
0a5d4c99c21d588d83e2eca2e658b0533c65d391,GitHub,2021-08-26
fca3cb41b40a0b048a43ca33c74262e89afa278b,GitHub,2021-07-31
f468930a1e119517491ed4e64b1bbd2906446b49,GitHub,2021-07-13
72b3c51512752f471392e3e5eaa40f954a99b752,GitHub,2021-06-30
0c96242bb7816cfe0d61ac8ff25c8572c3d9e2e6,GitHub,2021-05-28
72a0fef3e9247bd94621288fb2e6d88408e3c836,GitHub,2021-05-21
df51e78752030c5ac929bd9adbb6fe1739a28485,GitHub,2021-05-15
68708e718c8f3731768644305b15fcdca2e30a77,GitHub,2021-05-09
103477369fcb49a5372f9f5c1353fcd575119287,GitHub,2021-05-04
1ac15edc8609d700aa0ed5ece207ab904f1a8623,GitHub,2021-04-30
4961457f91d08a5907ebd71ca9ed088cea30f342,GitHub,2021-04-16
89efb8dd7bef28945d0e9598d913aa9ec843593c,GitHub,2021-04-06
5b6e75cd29d7e78fd0422bc71b1dfad0bebe47d3,GitHub,2021-04-01
f0ee46dbceb4327f50a552ff32ad8c7641b43781,GitHub,2021-03-22
c030d4201e315f62f11ea9757017c38239fa6a17,GitHub,2021-03-17
04928ad70d7c56f821f0cce2033984874c13f53a,GitHub,2021-03-07
2459d95096a59559553bc4bd8c74cebf8a75d804,GitHub,2021-03-04
bfe1d03d683d67cdb9a984c02c6b1eb75ffe7689,Ismaël Mejía,2021-03-04
e90c0c5cd7740a948fa49172e921bc88573ed699,Ismaël Mejía,2021-03-04
72654bf73c9eefec06001ab2d1181fbfb127922c,Ismaël Mejía,2021-03-04
552ee9e3c1679fec9ecb959c7c12ed7bd91827b0,GitHub,2021-02-24
36ef0b71c6c624bef8525704229a7791b51788d5,GitHub,2021-02-03
f4d2b0ddf51ea1bd8a8c0151ee7741ae1239eb53,GitHub,2021-01-20
21e39347f227516aa353ee84367a0d46d18420ab,GitHub,2021-01-14
e8db541f0c343d5f5f0773f7cec687a83cee3698,GitHub,2021-01-10
75c4dd3436cbc8b86a04e9681ad83a2f2a22334e,Ismaël Mejía,2020-11-17
18b811aac4313e1ac67dab4048695bd0cf9e40ca,Ismaël Mejía,2020-11-17
321d16deff543b2f07a9c1487a1dfccd8d25286e,GitHub,2020-11-12
b39848b75012efe6576aad7f1a013510e3baa9f0,GitHub,2020-11-12
942ec8e0cc011ec9fcfff7ba9f5c656bb54d51d1,GitHub,2020-11-02
328c539afc77da347ec52be1e112a6a7c371143b,GitHub,2020-10-14
9a6aa43c8699ccde7bef485206928acb35378bdb,GitHub,2020-09-30
2a4d846e6e1cf3e5e8576e0be9a9698c97b9f606,GitHub,2020-09-25
322ba39e68893745f0d40fb5ccc642756507898a,GitHub,2020-09-14
603319f79ca7db6a3b9f40e5270aa8f137d0fb25,GitHub,2020-09-11
e7e5cfe44f662c5a1af4c550e76b7756ee7f5e60,GitHub,2020-08-19
7791b348c979453bb071bcb5189dcd400b5521b8,GitHub,2020-08-13
0394e1772e78d9b726bd015c9d02b146a1abaee0,GitHub,2020-07-23
dc2afc5d3bedefa0fa1dfe611adfaedd67418a51,GitHub,2020-07-09
2c7b9af7d5ba35afe9cf84eae3b273a6df0612b1,GitHub,2020-07-02
249db48c63a9ddf5bd736a8c020fa5ebb267c50d,GitHub,2020-06-08
2a766be2c417c71b42b49ed2898ad3e8ed0d0113,GitHub,2020-06-01
ccbbb8353fcc168563c567580cb773d5fe442704,GitHub,2020-05-26
a6a0346b4aae937f8e19e928d7c45f85cde09ba2,Daniel Kulp,2020-05-26
3bf7356376ff176d17960814fad62f13f66c3a4d,GitHub,2020-05-26
ab83dcd6fee848cb0a82a9da328e114cc9e3568b,GitHub,2020-05-26
ad63705b30504ba385cde76c530a524843adf0fc,Daniel Kulp,2020-05-26
9d6a4cf2d814d1efda5caf855b3a89d8a997c6e0,Daniel Kulp,2020-05-24
e208f4b2d442bc14aaba3dad86e8122b83a0873c,Daniel Kulp,2020-05-22
3226f4ef7eab4e27b10b5a5266de15f78849c3db,Daniel Kulp,2020-05-22
61f162de6f441f65297cf8b57c0e8c36474be7d6,GitHub,2020-05-22
3a098e8be4944216f811211c9e3240fd6f67a4ae,GitHub,2020-05-22
ecc489ce5dc069a8fe8d047d9297ff11827010e6,Daniel Kulp,2020-05-21
7347e25381f170a28d6ab081e08ddf4b3354b8fe,Daniel Kulp,2020-05-21
b0c09361fe985fe57858f19485b43e1deeec8d89,Daniel Kulp,2020-05-21
7baac0fbb5b8ff9d42e97e2dd65936318ae7f5c7,Daniel Kulp,2020-05-21
ef85cd4099dc645bcd853ceb60e44ff93b4840f0,Daniel Kulp,2020-05-21
b9bfc07c43140ef0aa58340430ab3c4909337f21,Daniel Kulp,2020-05-21
5e8537c3363a8fe3076295e5c8f3ae229991314f,Daniel Kulp,2020-05-21
414a51fdc1856083bb16851f09a4c61a48796132,Daniel Kulp,2020-05-15
2b398cf179330ef545f2cae0daecd86a4aa3ac89,Daniel Kulp,2020-05-15
4898556ee5455231645fc9c4c2e9cc7014dec1c0,GitHub,2020-05-13
e813aff84591724b237c1943e5d20b27d8d50bf4,GitHub,2020-05-13
d916ca2c1ceaabb5fc002630171255dfcdf8d882,GitHub,2020-05-11
9c80782e3df8f025726ef6d7ccbba4817482082d,GitHub,2020-05-09
97c2aeb6ca5186524e8576febfe44b1a03a1b97e,GitHub,2020-04-22
6b0d470a79b4c4e10d9890183d6c913608a2a225,GitHub,2020-04-20
9af218d3c060da103868cdc69d7b39fc8d50dcbc,GitHub,2020-04-11
9d26540d9259f8e05d32e9f300f171f2530a17cd,GitHub,2020-02-26
8288df87e69d9332caa7202901f321c88f06de86,GitHub,2020-02-23
3812985c2d4219815c0521dc193fdf811afba0dc,GitHub,2020-02-19
a439bf96f922fb065aed4fa8eb9f0fc43223482b,GitHub,2020-02-15
c50a87e1d4a92232b5ec13997549822b51a3c02e,GitHub,2020-02-11
1430ccde8d7a7035138d45eb433941c5fdc50baf,Ismaël Mejía,2020-02-06
b31bf3133c641679741aca01f1ea61b4959d96bc,Ismaël Mejía,2020-02-06
335acc5770f7ad6bd6fdf4caa305373a79912d70,GitHub,2020-02-06
9bc2c62c6a82dbce260d4cc0277f1d0276063468,GitHub,2020-02-04
4a1e3acdc09de0545cbb6bfd4554604e64ca1a35,GitHub,2020-02-04
ce9032a4123e262341a3e746e6eb2b8476eae1ae,Ismaël Mejía,2020-01-31
bcaa54576074a1f786f7ce88710502dd03ddc656,Fokko Driesprong,2020-01-14
2fba6f606b08140d0ef75b610c028f1b7872e06a,GitHub,2020-01-13
912c15b36caacdea5cf3a6753316022156681470,Fokko Driesprong,2020-01-11
4cd778a7e0de048eacf2a06abe3d0e310bbcc343,GitHub,2020-01-04
d6cf7c46c20973f4e2e4ef41c064a40fb616994d,Fokko Driesprong,2020-01-02
e8f6b003aff981e6b96d069153b8cd79cc1b9ec2,GitHub,2019-12-27
ff5c4d6db9af3edd915a2176a627d51eb3478da3,Fokko Driesprong,2019-12-26
bd9e6c4514db274ca97dbf78975a3f9156a523b6,GitHub,2019-12-19
bd9e6c4514db274ca97dbf78975a3f9156a523b6,GitHub,2019-12-19
a4a0bccfaebcecce429acc78e7aab0b68cccaa45,RyanSkraba,2019-12-18
e3e41dcd27822ac3fd4692291d1bbea4f8a294dc,Fokko Driesprong,2019-12-01
1238bdfad85e63becc53e21bb6dca506456264d2,Fokko Driesprong,2019-12-01
d28bf07d2da8dbddb561630ca69c0cee2d3f5b52,GitHub,2019-11-28
3c10c361a788add7d7f27fb6102148d6106f2544,Brian Lachniet,2019-11-19
bda7d995ff7cb3079285c169b23064309ecda8b1,GitHub,2019-11-17
eaf11a8f0ce04b61b4f58cc071a29f82e4f23e5a,GitHub,2019-11-16
eab8e019d6452c5cf54c1278db51861ca9bf6aac,GitHub,2019-11-09
f0c6fe85ce3121c12b616d610f59aa6c6fdda169,Ryan Skraba,2019-11-07
96cfef55661fe2f29b89aa8b6813f94d06a62500,Ryan Skraba,2019-11-07
bf47ec97e0b7f5701042fac067b73b421a9177b7,Michael A. Smith,2019-11-06
62bdc83e46fbd65d34a1715c1bcc53fa5d1919fa,GitHub,2019-11-05
abe9ce706646b6bf43fa98cedccd3dd5ca6c6ab7,Fokko Driesprong,2019-11-04
044572a8550a87cd04c5ce31bd9f737a0e8cd3c3,Ismaël Mejía,2019-11-04
7d87cde06253913e9ef23c671e9ce092bc35dfe3,GitHub,2019-10-28
eff234d910949d8052300eac7456ad50a0c294c5,GitHub,2019-10-28
3e79dfec8461fb0157f068cff7ba24be8cdfa9d8,GitHub,2019-10-27
1f638fbad382881c5a7f0be7a29e29330e87e71f,GitHub,2019-10-25
e3219382f3fbc9c20bc851f56d4e56a0f73c7c52,GitHub,2019-10-25
d5cc3ddf3068c32e3b6048d2312f5833478842cb,Fokko Driesprong,2019-10-23
0f9b051ce95c88f53cb3dd91d86479100ba6f698,Michael A. Smith,2019-10-22
8d31e91f42390eb1cdc115c4a8e6cd7e70347805,Fokko Driesprong,2019-10-18
097ff2d69b52cddb249ea27c89bea7059f6a79df,Nándor Kollár,2019-10-09
bfbd2d115aec576545b0673e876a652806b41986,Brian Lachniet,2019-10-06
85ce0227e427e5f7b5c84cfe59293e1b649b925a,Brian Lachniet,2019-10-06
062ecbedd7ee9f29a5dae374eeba419f8ab23c0d,Fokko Driesprong,2019-09-30
410b00ab4af7131f7409d7cd1c2bcc845e103732,Brian Lachniet,2019-09-29
0fe596a123d03e3a2ada9d34a79685bc9d4be9de,Brian Lachniet,2019-09-29
1bd62dde0e065a1527553e3abf36b305b7e4004c,Fokko Driesprong,2019-09-22
e0171ea39c24624297159fb3bbe4a2ade0d18f73,Fokko Driesprong,2019-09-21
7a9f4aee4ffd97f9faffc9b417377a050f240a8f,Fokko Driesprong,2019-08-23
1be286e774761ab67dd97f2ad96fc9d7b3d7b738,Fokko Driesprong,2019-08-23
02dbe25e35d5ffc644f049cf602f88c1b137ea29,Fokko Driesprong,2019-08-20
e305f0625be79753dd34d20a5bfbecf9f01e5b41,Daniel Kulp,2019-08-19
4593c3651516a6ff5c30e43198285d6435e2ff49,Brian Lachniet,2019-08-08
1c5d3ff4ff78551edd4bab9824642d6918d3565d,Fokko Driesprong,2019-07-31
f18d76af62d981bee21778af8872c736418f626e,Daniel Kulp,2019-07-30
efc8f7d83c598fd61600d194ebb0aab7e5274ad4,Nándor Kollár,2019-07-25
e0ae0cd8a36520907304d52f4a19668a3218d5ea,Nándor Kollár,2019-07-23
c7a9b93246c6cccd4bfd210213141befc170990b,Nándor Kollár,2019-07-01
413ab671864e399366e2b5e32bf464d1c0994ac0,Brian Lachniet,2019-06-27
72dfbf02b62df5d313ebfd9343c22b034214ee49,Nándor Kollár,2019-06-26
0b7ac89771461dfd610a56a1463532eeac96c892,Fokko Driesprong,2019-06-25
d5f46ac8789f86aa29d4da756ac1b6a5d6a66f35,Fokko Driesprong,2019-06-24
8bffed2c95cefb062d1593f7c59eae62da012c52,Fokko Driesprong,2019-06-24
d7621a0ece3f6d326f018a9ccc0e27213af1e222,Fokko Driesprong,2019-06-22
f6417e88b9973e932b8bad66fa6894d42c43c663,Nándor Kollár,2019-06-17
aa972ced3c001e0d9d8de6cd5013a1cb3b989551,Fokko Driesprong,2019-06-14
41759e6c92d1d2578db0e878ead822a7f1abef99,Fokko Driesprong,2019-05-28
d2d26f9ef9f498063484a001d64617e993bce751,Nándor Kollár,2019-05-17
9839e2a67373a5cfd700182a15f949822ce3df99,Daniel Kulp,2019-04-05
df9ce91231d26655ea1fc11ece5132b389fdf860,Daniel Kulp,2019-04-05
4c0e41cebc0804c563dffe98a58c06b1c39098e1,Daniel Kulp,2019-04-05
a5e0f4ad01703eb4a724e71dfcf99306819c6bf3,Daniel Kulp,2019-04-01
4a3609cd854e9ef5bdda5b43e188a3309a93aef9,Fokko Driesprong,2019-03-04
e0ab6bd54ab632569782a577b7e9a1d419e08845,Daniel Kulp,2019-02-07
384061c05720287aa93a756a742aab2572b75e79,Ismaël Mejía,2019-01-23
411cfb96db6126a06df9e8093106e690b7e35dfc,Daniel Kulp,2019-01-17
1d7f2d7b46794348394a2f0a70658d94c38530a1,GitHub,2019-01-03
e61751efd9f72cc299fce55c16e1d15e2ee1addc,GitHub,2019-01-03
d3dbf7122d3b8386ae72f46f0e966c8b69b8621a,GitHub,2018-12-31
8f94f5647b6351c219fa105f37cd01f156427f71,GitHub,2018-12-30
a262a107ddd403e3ac5a773c735110a6565104de,Daniel Kulp,2018-12-20
7ed38d7c7e150987ef8bf035196576fc158e03eb,Daniel Kulp,2018-12-11
7ed38d7c7e150987ef8bf035196576fc158e03eb,Daniel Kulp,2018-12-11
254ee8ff595c6c52580128aec9355394f96382d5,Daniel Kulp,2018-12-11
d55f5e152c288a2037d65d15a7169d76aa9be2be,Daniel Kulp,2018-12-11
595643cba16a2b4d7be68d46ee8f79c4e380cbf7,Daniel Kulp,2018-12-11
5432cd09da963bb72796729dafa2bf5954d57772,Daniel Kulp,2018-12-10
67dbda933bb2e1286a28fd832ea4316d34906005,Daniel Kulp,2018-12-10
c8436998ae107996c1c48c9b7efcbb98b8b92930,Daniel Kulp,2018-12-10
269d0ff7d3025cf3370023e353a373916dd67433,Daniel Kulp,2018-12-10
4b1ab225fef8e8f66cb95d6605bdd4fd568929ed,GitHub,2018-12-10
eaa7cca922b916ab7ad0fac6e109330197f8c75f,Daniel Kulp,2018-12-05
b5bec5ca18901507f6fc01d635f10465fd3edcdf,Daniel Kulp,2018-12-03
54fc3f53807f7cfa535100d826e19e66aa5cad8e,Daniel Kulp,2018-11-29
6583fcce6d32627c55faf9e1df35cc353b8c8841,Daniel Kulp,2018-11-29
3e5cf4a94dd1f71e42a45c812f26a53c7b89e945,Daniel Kulp,2018-11-29
0beb39d78f6bdccb803b8c6eb58af02b2cc80429,Daniel Kulp,2018-11-29
d3c726fce8d5dd9632960939858af134895ff3ea,Ismaël Mejía,2018-11-27
e04c2c291395339b8eb488a5e045500d366553b6,Fokko Driesprong,2018-11-20
ca1ef06d87424630f80ade31afcd8a1108dd5fed,Fokko Driesprong,2018-11-10
6527d6d1d5081d38168b9ea14bd7d715c5e2af8d,Fokko Driesprong,2018-11-07
a318a34d1f5f8146fb441c092c73b6170719e88a,Daniel Kulp,2018-11-07
26700949812e39f6ddedc63c53f8cb5562fd7f15,Daniel Kulp,2018-11-01
6b6ddfeb920f901d851ca12c6be3476ca00a58a9,GitHub,2018-10-05
389231ef31b02d444a73105ea4d6b5e0cbaac1d4,GitHub,2018-10-02
4505b498da9800f2d3143d7487ee07e99177808b,GitHub,2018-10-02
a943df760f6df520702a54e9b061e98250172c8e,GitHub,2018-10-02
e83caaf341af5368cf39a461bb5a15fe6108a21b,da77a,2018-10-01
390a85409006f829d4d3564c2308c06ade211920,William Matthews,2018-08-12
5e8168a25494b04ef0aeaf6421a033d7192f5625,nandorKollar,2018-06-15
b71dcf24f252da5858bd95bfd4bd56402e3a458c,Nandor Kollar,2018-05-09
5c270dad2a281f4e70fb8c8a657d93a0cc72b7a8,GitHub,2018-03-14
61befce7e70aeb13ab5a8d6ff3c336d4f982b9a9,GitHub,2018-02-23
26894395cb480790488e0db283f8a503bd093909,Doug Cutting,2018-02-23
027d196fd3f6f990977a4e86c1c07464506cabc3,Nandor Kollar,2018-01-26
7f9cbca12af13d4b8b5709edba2bae4d4a808102,Nandor Kollar,2018-01-23
a7a43da6de9bd44e57e057319127c64b2fca56a0,Niels Basjes,2018-01-02
41653853c66143796e0bac503064e24cc0353a87,Niels Basjes,2017-12-22
48b2abca0f3b7873519f3566eb46a49cb4d15db7,Niels Basjes,2017-12-22
c7a3c960902abffcbd3e9caf084f0dc5fae9f7f0,Niels Basjes,2017-12-21
ba11ddab1558f408905d0f730096e9963cb58f4c,Niels Basjes,2017-12-14
03a3d6f9affa0e70858725bccb11756f975784fb,Niels Basjes,2017-12-13
b84f64023c4a8e61d1274fc8a3e9c26acfb15c5b,Niels Basjes,2017-12-13
b8c37b32256113bd64f35f0b97e673d74ef61db2,Niels Basjes,2017-12-13
8466975290773f5e0d19a16d2c36c05d64ea5134,Purushotham Nayak,2017-11-30
50eebb8a0b96565641bb56a0f11e326b3f5cc50b,Gabor Szadovszky,2017-09-11
189368ed485f5577528824dd88856991a51b6918,Sean Busbey,2017-09-01
15651fc95e058d1b3cc165a70c367d1dc2bad8b7,Sean Busbey,2017-08-18
5e852265ea7197efe809a8c37ec6a0c34811d3ba,Robert Edmonds,2017-08-08
21b369895cc6826b862605796bc35704bd142841,Gabor Szadovszky,2017-07-20
d145b8b6463a7b0d1821d7ebdd561524f9d80914,Doug Cutting,2017-06-28
e5ae42e5703b8b193e5c2a61458e28a931c5774e,Doug Cutting,2017-06-22
528a1c8a997a0831e83b525173c6a70b08ee681a,Gabor Szadovszky,2017-06-16
c04a17c86078431d0ae33a3045520e3ec9d9787d,Gabor Szadovszky,2017-06-14
c9f2c49241397fb3967bd281225f7cce353c32fc,Gabor Szadovszky,2017-05-25
37ce7f72478fcd3dd15637efe25b422f9631bacc,Sean Busbey,2017-02-28
230c7e75392d3c3dc2598f027603b4fc9d78d041,Thiruvalluvan M G,2017-02-19
ec8514f711b739307d460b23bcb6eccc784f419a,Thiruvalluvan M G,2017-02-18
ce36fffca8dd0bf8f5282041ba473e84193483c1,Thiruvalluvan M G,2017-02-18
29129abeecd58d387fd8f8986fba052a4868fc7c,Gabor Szadovszky,2017-02-10
94d15f4be1f4e25e5d6170ad32b5251ac14a4736,sacharya,2017-02-07
a974984e6e7150b2c6e757bce9cc994b740094c1,Thiruvalluvan M G,2017-01-31
92b83f5a6ca234b2ac7e3323e3bd2e0b58c758f0,Victor Mota,2017-01-30
cc31afef46b76eef0feb60c1e506db206d0df593,Thiruvalluvan M G,2017-01-29
57983af07b751809141cfc3b6a0ed07f4ea5ae9d,Thiruvalluvan M G,2017-01-29
ad42bb36c96e7dda17cc04900e3dedfd7b8ea9e7,Thiruvalluvan M G,2017-01-29
3ab93ca43aa2dbcac3c7b50c201bd3e297dc493b,Thiruvalluvan M G,2017-01-29
d9338a4cf008b445ea3efbe2523288d07162ec71,Tom White,2017-01-20
4f53fa933447865d7afb22c5d7d472d87fc2a4ae,Tom White,2017-01-10
d559a7e877777096b3a2ad656606a5a2a88a2df9,Tom White,2017-01-10
152fa0954bb74e8e1e627751ccab55ada4f5b375,Niels Basjes,2016-12-17
a53a4fd10072471aa7c8170499a10792e61e0d95,Niels Basjes,2016-11-30
23de4d0133f04fd9d33b54a7c304f92b6802049e,Ryan Blue,2016-11-05
ecc2adb31a1bcd61d073d87de8be18b2a91f5e6d,Ryan Blue,2016-11-05
b2cd78d549ad72cc1a1441562ea1bc5181116040,Tom White,2016-11-04
67bec06dbdc910856fdc33d149aece97c26a59b1,Niels Basjes,2016-11-01
e2d1073bf5095af38fc6ed194d92fc82de225fc9,Tom White,2016-10-31
420824c13381c4014d102c8e51e231c694ddacf2,Ryan Blue,2016-10-30
0a74e1e0fb45dae8785f204f17d05bd86d0a2d2b,Doug Cutting,2016-10-06
ef0e1a1a011298ee77f1112ec9709ef03c5035ab,Doug Cutting,2016-10-06
e276aa5e40cf51e36b581750c135c9c3875cac84,Niels Basjes,2016-10-04
bc3fffb067c93ebece18a80f455ea4662a240e0b,Tom White,2016-09-27
1296ce9238a315b4323db351483dc66ec1a1afe3,Tom White,2016-09-27
be33922c03bd229b885fb9d664b55ce308f6ffaf,Niels Basjes,2016-09-19
27cb9e271715b00ff5784164a9fb02de00e57203,Niels Basjes,2016-09-15
832512edcd7591c238c35b5a479e15ac0709e4cb,Ryan Blue,2016-09-12
4c992a58743b564fba831bb7349e3bc07fca4b8e,Ryan Blue,2016-09-08
5acae5e10ee5d9d7d98b208e29a930f1e66f40ae,Ryan Blue,2016-09-04
64f898c4322ec641379c9916007303acfe817f84,Ryan Blue,2016-09-04
d7e12314832f1ef58f87d2f5106ac6b49c5a0be9,Ryan Blue,2016-09-04
17cfe99d72121fad1ead76e8bf80729c5c7f7e6b,Ryan Blue,2016-09-04
fa0059c55a31813634188eb85e53b68e33644489,Ryan Blue,2016-09-04
749934f3cd13c413e293815e7f64848a688a6e60,Ryan Blue,2016-09-04
f01f61b96dce5b402939fd81f9247313b4b8da0c,Ryan Blue,2016-08-28
0376544cf47600eb1a23f0dc098051fbc75ec00c,Ryan Blue,2016-06-28
191badb80281498611ffcbc0e79b9b020a3d5096,Ryan Blue,2016-06-02
f793202c4b87ec258326513568dd62353850f1d0,Ryan Blue,2016-05-14
4cac7c8980791856c3fb7d3377d249cf8dd44b86,Niels Basjes,2016-04-28
4c1463cba1bc268c2ccf2a506d27e6ee84030316,Ryan Blue,2016-04-20
b30b9e7a3365f50aa6f4481705937c462914764d,Ryan Blue,2016-04-17
2875665a5bace62f4e7dfb01060cd50a08637b86,Niels Basjes,2016-04-17
54eefb8d780237a7108c2a0c91b12282686426ad,Ryan Blue,2016-04-16
58daaf08a2637e0976cc124571200ce198b3143d,Ryan Blue,2016-04-16
683bc7135b6a69a8d524393f91ada8310a8f9f88,Thiruvalluvan M. G,2016-04-13
32067dec274ba93aa0775fcfe990eef3b87b534c,Ryan Blue,2016-04-09
482adcfa1857033f2a76b07b429a266b0231f433,Ryan Blue,2016-03-15
62ad11dcf765d6735ef652f4252d19e4ded7afae,Ryan Blue,2016-02-29
5e6ffb8d444c0ed3fb6d0180718a9a7c131f2ce6,Ryan Blue,2016-02-22
315d842148d57590a58fafecf6e5ea378e9e0d74,Martin Kleppmann,2016-01-21
05f3fced7811cb5c6b3cb07361a4c4563bec5632,Martin Kleppmann,2016-01-19
7f2afa8df4167435f4e92c715d65519d01bda2f8,Martin Kleppmann,2016-01-19
693ba378fc15ef8774cddd6ac11b8177a1d3e4f5,Martin Kleppmann,2016-01-19
60365c1b05181960e141b71ca035164137f2cf64,Martin Kleppmann,2016-01-13
cfa305bc381a8bc4d428ce88eb1a3ff6668d7953,Martin Kleppmann,2016-01-11
00b1c43740a78540c64c36731b4de64b3402d181,Martin Kleppmann,2015-12-30
146c5285030aab67ac172b659e8b748335cd2275,Martin Kleppmann,2015-12-30
a3957200a86a4582c6622738caacd153f0ad7882,Martin Kleppmann,2015-12-30
1f6fa7b79efde2eb999de34334b686a77b23e46a,Zoltan Farkas,2015-12-09
5662cbbffa89fb8d363ccbee03fe85980e17ba15,Thiruvalluvan M. G,2015-11-26
bdc98484730275bebcc4f22d6e3ffd9f97616920,Thomas White,2015-11-25
1c5205ef3f1516fa5f3a323057139bffd5758182,Zoltan Farkas,2015-11-18
4707d9abe1202c7266aa8d58711fd22907863cbd,Ryan Blue,2015-10-07
0f5758b2d0f75c8234443e72c43d2fd38fe1894d,Ryan Blue,2015-10-07
4fdc75209ba54f60b2c5798cff731a11053fbcfd,Ryan Blue,2015-08-26
069f00e0e849775a93c08a74e48fc10b34566d02,Ryan Blue,2015-08-26
710a001a1b41d465db7a300bfcc03040fcef03b3,Thomas White,2015-08-25
82ee5b448983f5074e513c053258c6ed23c8701b,Ryan Blue,2015-08-07
90d02b4bfa2154ba71a8a05b6c2661cf792d062d,Thomas White,2015-07-15
4de802425783c8abbb97a0574741670cab776dff,Thomas White,2015-07-15
fe306bf207ab4fd290893651a9c92caae611aff3,Thomas White,2015-07-15
7fcfcf12648d322728da549a56994607baf989ae,Thomas White,2015-07-15
74b444929bfdbdd0bcdf45a80dec7b507f805428,Thomas White,2015-07-13
4f7013b1465959d6c17e21c969dcb90b5a0d6a25,Thomas White,2015-07-07
83cb47e04c057627ac839a16e03972ed7481ca02,Thomas White,2015-06-25
60d9ef0ad24d91735210830b2481e884ec45c9e7,Ryan Blue,2015-04-17
630562a0b16ae73c8cb8d85da723bca6b28de6db,Ryan Blue,2015-04-01
a34ae84b27d7060fcbd41dd744d047d316ce449e,Thomas White,2015-01-12
005c7e0fd6377162a1bd7cc425cb35a23cdf9d52,Thomas White,2015-01-07
3414ca077b774e98db41d32b69128cd8a7ed12b2,Thomas White,2014-12-18
6501dd51fc3a910a4cdc3e5abc73f49ed47240bc,Thomas White,2014-12-11
5009caa85de9f61c3d8144713c5fecd0331eee61,Doug Cutting,2014-11-26
fbaf3c399e2f34e57008d8625c76f0543a3cadf4,Doug Cutting,2014-11-26
ad27ed0d9430ea9b944ad6e70138a355aebe10e0,Doug Cutting,2014-11-26
3bb62d24aa90230d17da5ab612042799f5c2d7c9,Thomas White,2014-11-17
5b9b847fa099d2476ba497ad971ac36495add960,Doug Cutting,2014-11-13
77e7fa0274b85742937026b95a839590368d2879,Doug Cutting,2014-11-08
4210b05960b6657b4f0ca98f97c49649e1de7139,Doug Cutting,2014-11-08
2cfab13bb3cb9474745f1b34afeaed103def2999,Thomas White,2014-10-27
f426a75e9c8dc48fdc4901224313edbb9c4739a1,Doug Cutting,2014-10-04
4eec345521b9b7ec5a27e4f495a2e9a5b7d09efc,Doug Cutting,2014-10-03
fb28910e926f1c442b90e650c3bd9e6ecfb80a79,Doug Cutting,2014-09-29
7c0f04e97f6b324ce2447afc4f05665bf83762a8,Doug Cutting,2014-09-22
884c3fcbc57cc5d8afff87dccd4caf87ce478aed,Doug Cutting,2014-09-22
b8dec14716b112a07ffba2df39cee9da1ee08725,Doug Cutting,2014-08-04
0d577247ca54ca9f180d2902c5ce6cf182b67904,Thomas White,2014-07-29
06d463b1a119c5d8bc4347fa9e280f4096551080,Doug Cutting,2014-07-18
082fb97eb5d1c29b12e41115e45be357553afc8e,Christophe Taton,2014-07-05
175a67d10cabb1672d4c966182432dec62e8d288,Doug Cutting,2014-07-03
3e997c3b63fd10ec27b1bc0061e14881da5e4dab,Martin Kleppmann,2014-07-03
010091fc66a92292525c18713117a673bee14831,Thiruvalluvan M. G,2014-06-29
b723741bfd071077c50d998131af1417c4371c26,Thiruvalluvan M. G,2014-06-29
cc7ec43e22f65fdea2bec9be04832f194c9bc6b8,Thomas White,2014-06-12
070c430b72098481e544052d1dc116a624dbcce8,Doug Cutting,2014-06-11
a076f6f6f9848090776080b876fa0c1f2ca660a5,Doug Cutting,2014-06-11
5c5e2ea98e792d8a09e5ba173818e02ba570aabc,Doug Cutting,2014-06-06
30e914cf37160bfd0aa4daf97feadd8e57435a33,Doug Cutting,2014-06-06
71c2fc608a443404d0872b12ea08269a84f02d41,Doug Cutting,2014-05-28
c3a67e5ad90ff19d7557eb627678a3d0a09446e5,Doug Cutting,2014-05-28
c533aeff68af47a99f3f61d091451a4cff700e19,Doug Cutting,2014-05-28
c81303a746f4706b3c039635af37a81d6cfcc962,Doug Cutting,2014-03-13
4405ed978425b779a2e2fdd238af2e1a95bfd8b8,Doug Cutting,2014-03-13
6e1e0bcf4fb4a0466e0cedb4ac00a0d4bbfed8e1,Doug Cutting,2014-03-13
8dd83708d454f9dc7caebf2769b3f5c513ba242c,Doug Cutting,2014-03-03
e0966a1ec55a6ca45baf5d3f53ad6b0e7a049452,Thomas White,2014-03-03
706131388a81646d12a53ce31cf4c4557f93c017,Thomas White,2014-02-28
06711d38a9a5913a3816c6eb8a5dc47b4b612e24,Doug Cutting,2014-01-28
7be037b56f722005ea568b5b19766538434bc1c0,Doug Cutting,2014-01-28
1c43a60e65da433cf1d0f2e5088ed30f9f8d8bca,Doug Cutting,2014-01-28
9bae616d4f9948c6bb2c8d7b75a2c53d456a1646,Doug Cutting,2014-01-27
86a642787c9bac4d608d053b9c7b3be1128368d9,Doug Cutting,2014-01-27
c069e284fa1afb7620b8a4b0d35503624c659432,Doug Cutting,2014-01-10
e4b9acafd627dc6771e4a49b028cef68b6ff2ab1,Doug Cutting,2014-01-10
ffe0bd8a8e6683e9129f7b9e1707bf0a3b869888,Doug Cutting,2014-01-10
6bb32463a05dac03e3bb4d15018e6bd55554edc5,Doug Cutting,2014-01-10
0a576b82eb1fb2649e3c57e461a052131ad57d97,Thiruvalluvan M. G,2014-01-10
0855eb7eb478632ad8f1192f64e81ded7694a343,Doug Cutting,2014-01-09
5b2098924b36e784bfb6a6efd798efc225030458,Thiruvalluvan M. G,2014-01-07
f03f61883f32e110818e6592b345329fd90a9426,Douglas Adam Creager,2013-12-19
7699e3d28d1596f29bb00483451cab3e392e992b,Doug Cutting,2013-12-19
f91e32bb70d22f1a344b769403e5148d795d0205,Douglas Adam Creager,2013-12-18
4498b9928857ac010b77274da8d060b54f95d912,Douglas Adam Creager,2013-12-18
b0e6e0593931035b86e07bb4d88ce967cd18937e,Douglas Adam Creager,2013-12-18
be7fc3504828c42d534c1522d3f050fd52d66b2d,Thomas White,2013-12-16
08c097bec5a8e078afa47810edbe0dccd9de8479,Thomas White,2013-12-16
ffaf716f2d4c65d90c5a6e7def47751a263b28d9,Thiruvalluvan M. G,2013-12-15
fe0c6c82566cdade205b62b0c223886bf799f716,Doug Cutting,2013-12-13
35750393891c40f0ceb925a852162ec764bcae6c,Doug Cutting,2013-10-25
9e3de75e27aef8feab9abcda090f27a36e2add55,Doug Cutting,2013-09-27
2c336d872d9fa863840ea753cfb92a978d6339e2,Doug Cutting,2013-09-12
4128159f67cdfe1e28fa375f36e120243aeb3919,Doug Cutting,2013-09-11
50baf4cfb47fbdd29c311de756bbc503f0508dd5,Doug Cutting,2013-09-04
79d6b2b0ff5777faef685639ef2ef9f1fc83f532,Doug Cutting,2013-08-20
fe114b90dff01f10d91055577e58c4325dd45a6e,Doug Cutting,2013-08-07
b7897db6425377d3f0a6e6a9df169f65737b580b,Scott Carey,2013-07-31
9b0a633bca2f657e250ddd602468d1fccdc5c027,Douglas Adam Creager,2013-07-26
1579ab1ac95731630af58fc303a07c9bf28541d6,James Baldassari,2013-07-15
9d9ab81eead6ad75ef182de58f0c0c421fc52237,Doug Cutting,2013-07-09
c979ba8577fa3d29bd7ebbcf5d8f083c4033f4e2,Doug Cutting,2013-07-02
ecee999e3be6ea7ffec8f3c7bce267efe9395d4d,Doug Cutting,2013-07-02
d2a8de16fcafeb94b381c38dbe4110b83a16872f,Thiruvalluvan M. G,2013-06-24
710684f733c19928f4e5132b25f0c858ea9dfa3f,Thiruvalluvan M. G,2013-06-20
923b619a011733c9f0669556ab96322335568951,Thiruvalluvan M. G,2013-06-13
b790897340eefc626c107c1578f26ee49a3de412,Thiruvalluvan M. G,2013-06-13
16c626006f3d29f65f4fb1b648e09531106405f5,Scott Carey,2013-05-21
9199bac9f99f1d5ec8d8f4c396b030c2ae08cd79,Doug Cutting,2013-05-16
711a4ed4230c0ba1627670e7b89db88472575e1f,Doug Cutting,2013-05-09
e10bd69255549a854d1ef178ab9df4dbd99dd2ac,Doug Cutting,2013-05-09
82441729dd69fc5d431cabc8b1ffa25e924b8bbe,Doug Cutting,2013-05-09
c880210c65d0289d96ca6472ad333fc8068f4e03,Doug Cutting,2013-04-23
3eb36b556128ddcc237489366996b8c237ecdcb8,Doug Cutting,2013-04-23
eb7a72136b48a827aae62296b1ba65d63ad0ead5,Philip Zeyliger,2013-04-22
c56c4366f80f95a095090e30c511ed0ad4acf2a5,Philip Zeyliger,2013-04-22
0820a9e0e2442730395da77ece1c6a550a86383d,Martin Kleppmann,2013-04-13
48c7b54ccf006935df64853f5c6443b8430b3c75,Doug Cutting,2013-03-19
f5c61dab3264c77e5ec12d7b1ddb95bd2239b51f,Doug Cutting,2013-02-18
e32e2198384ed0c887c8d96f30c791dc0cfd91dc,Doug Cutting,2013-02-14
68bdc4317ef2c5e33ad23bbc78f0b0690350e459,Doug Cutting,2013-02-12
57c9811a1695761d3e0f224b7e89e8174d927e43,Doug Cutting,2013-02-09
d84d4df196746d00c85657672b64e20be3c0d2e8,Doug Cutting,2013-02-05
ed8c6144f8fd716203a933fab8b43a9cb79e71e2,Doug Cutting,2013-02-04
dc0d13f9456637e26b4e977bc187453d584d87e8,Doug Cutting,2013-01-24
77c48330740108e658cb3fcc94c4d8e04324e547,Doug Cutting,2013-01-17
53fa2dcc0773985912ce5ced3c1dea1e5b2d0a45,Thomas White,2013-01-16
a4769d950af7074c060d7f962fada88352620dbe,Doug Cutting,2013-01-14
a77d713671e7a53a3c7ebed1d3f5b843b224a6da,Miki Tebeka,2012-12-08
f0e4e90568d40992c78e0b2e5e2367d33b1d05e1,Douglas Adam Creager,2012-12-01
dc1eadb8806821000412fa77963e86a60f78267b,Bruce Mitchener Jr,2012-11-30
8e33d6c26000e31ee22e1f32e73324582f669ebc,Bruce Mitchener Jr,2012-11-30
23c2acf93231095ae5f7eb58c08748b62c83d9b5,Doug Cutting,2012-11-28
fb165e6ec812d4d03ea89de09ca1b758a7cdab6c,Doug Cutting,2012-11-28
2efa6cee3abd81f2816cff9631606647ed5998fb,Doug Cutting,2012-11-28
fab6363adf4cf07db4004017c8e1dc5968850475,Doug Cutting,2012-11-28
a2a7aeae62aa0eb9f3225ce0befde7a7bedfbad2,Doug Cutting,2012-11-21
1638ebb5ea88f277fe065babd90551fbf74439df,Doug Cutting,2012-11-14
121b98ddc5a9db44040260bf5a6ec7bb106ad3de,Thomas White,2012-11-09
9e5e0462b1957c372bd7351b7f5e6c68d4a41b5d,Doug Cutting,2012-11-08
01f774f28153d220f59bff026ade4982d20ace2d,Miki Tebeka,2012-10-06
c3577650285efd083a22a86670e33137d0fc6cdf,Thomas White,2012-09-27
1b896e1a8456c2320f3dba8eef43beffd15d2d91,Doug Cutting,2012-09-24
cc6dce5eac8cf960f68175ffc13c99ea8217e00a,Doug Cutting,2012-09-17
d2d05c3e5952bf56741c2cb8434292867c4a1096,Doug Cutting,2012-09-17
c41fc158d0f29ceea675ce7c9f8f277ddc51d87e,Doug Cutting,2012-09-14
124ed638b1472e67fd0efc21a5b2b77bedb78d35,Douglas Adam Creager,2012-09-13
b85435944b6845dded6e512db2b25457e21aa830,Douglas Adam Creager,2012-09-13
850ca3cff4da4fc5f05072c27257b830fec5004c,Douglas Adam Creager,2012-09-13
111b2f49cd1685217319ed90ec00ed547848cc41,Doug Cutting,2012-09-13
6f5327bf7fc0a62f7e1d737571780e20fcbfe4a2,Doug Cutting,2012-09-13
c0781539c1b155ed7b7a53303ec46f1200015e5c,Doug Cutting,2012-09-13
bd0f7ef963c6a9537e23713129febe2d0f2a6fd9,Thomas White,2012-09-12
6d91cdfad4aeb24a82579ffb1e136e7c565a47b7,Thomas White,2012-09-11
6816e60f93ad02388b4fbcf4b9a0c70a7f640ef6,Doug Cutting,2012-09-10
9babffef5210c3d1621fb99c9b516cdd920d8821,Thiruvalluvan M. G,2012-09-09
31d32f47d50ffcf48f5e785212cc2140e7554681,Thiruvalluvan M. G,2012-08-27
a76428f0e1e3d0fef6a596eb953a1a79facd5006,Thiruvalluvan M. G,2012-08-20
fa3db4e5b698ce3787ec3b0d7e60ee8410aec240,Doug Cutting,2012-07-19
dd4db64fdcd29966924effefa747d50a1a256700,Thiruvalluvan M. G,2012-07-12
f64893200b21f504c0bc291789de093728fae4ab,Doug Cutting,2012-07-05
fdba5e0eb725230fc1cb55b653bb88f597015728,Thiruvalluvan M. G,2012-07-04
6e9b037d4f4bcdfc955ffec71dea0f195d81c2a8,Douglas Adam Creager,2012-06-22
98cffd10bbdb249a962e77ec6fbc993e56279b8e,Doug Cutting,2012-06-12
a39e6deea243dcd9a09df8f67af724003dec1d02,Doug Cutting,2012-06-07
3a7cc7ea565e8ff1a5dc6b106f7828e0922916c7,Douglas Adam Creager,2012-06-07
ea125d9f3a7aaa3876bab84b08a0d7f1fa2e8904,Doug Cutting,2012-05-23
a581cf389f5d4ce82ff95f3d9d98efbe326cacae,Doug Cutting,2012-05-23
fbb36181e2b30571b71d177986f0e75285736866,Douglas Adam Creager,2012-05-20
46726e0e5b5a722096a2594c83946ac5c996bd10,Douglas Adam Creager,2012-05-20
b49babe09e3c2a83fee4d52b11822d500ebc67f1,Douglas Adam Creager,2012-05-20
78b172c040f934ad59635b69ff797a09ff039136,Douglas Adam Creager,2012-05-20
24673177ca18128f1c5dd137e5968ae4e8359e7f,Douglas Adam Creager,2012-05-20
e7619cc5dec31c6db342d341504635048d60afb1,Douglas Adam Creager,2012-05-20
aa24373e12a75bff689a543711391597d0e63e6b,Douglas Adam Creager,2012-05-20
dc4d37dd6d5d69ea27ffff797d926b9042719643,Doug Cutting,2012-05-18
91af47b9ef66965d1df524c555d29af24d9b75c4,Doug Cutting,2012-05-18
d4151ed11a8a0f2a5a2032d524951efb3d50560e,Doug Cutting,2012-05-17
f84b9a4b6af31a7758f48f947e6a8fde1f126661,Doug Cutting,2012-05-17
2020c8a8cc19c58eaef2d9de75260e7341099038,Doug Cutting,2012-05-17
1f3580f5d53746eaf8eb1d5d0fad00a18971666c,Doug Cutting,2012-05-17
5be068e83656f026c68ebe78bb039b84165564e5,Doug Cutting,2012-05-17
02802d57b0698cacf72668fa50ca93e77c12b302,Doug Cutting,2012-05-16
7fb563982d6f44d05a6f3c578a6948e7c7d6f1e5,Doug Cutting,2012-05-16
c6cf5d5fc36c69525dbf3712af42014a3da417e0,Thiruvalluvan M. G,2012-05-16
563afdbf1e35b7d12723d0c88562a8f277ddd353,Thiruvalluvan M. G,2012-05-13
b50ab97269c4c52bf45db27d5b54e0d6e0e4154c,Thiruvalluvan M. G,2012-05-11
6eb2c5801e9029b22e5800a86986bde03d5541b9,Thiruvalluvan M. G,2012-05-09
34ece34c097347fd06b0e4f717d5d102266e25ff,Thiruvalluvan M. G,2012-05-09
acfa07feb6b47e554d14429c3c98a8810ac3be42,Doug Cutting,2012-05-08
03dfcb3c4ce15896c12b39f96dbe3de1894dc172,Douglas Adam Creager,2012-04-28
6fd751939e1759654c174b863637fad12ced9269,Thiruvalluvan M. G,2012-04-22
c9dfafb695b7d7b3e4f637e0f9af862c6dad8a28,Doug Cutting,2012-03-02
98b14a071b3e5b6aa7c694731099f72ae22a3473,Doug Cutting,2012-03-02
523d2de7141ff2e6a3416a0e04a647a4283e3d8f,Douglas Adam Creager,2012-03-01
0ad579a6276a75f018d60be364534ad2d142db69,Douglas Adam Creager,2012-03-01
8f779e177336039e695e4e4c97a8e152ed6ea815,Douglas Adam Creager,2012-03-01
a77a88d8b2afbfd3bf57546aa03a0c4f56699426,Douglas Adam Creager,2012-02-29
6de7a277f7c58af8f5d831176951291cd2d87d81,Douglas Adam Creager,2012-02-29
61b059be57010a44023474ff40242a5c6e32ec75,Scott Carey,2012-02-24
9869e9b5db2e54a072f46cebf7044fcfbd8ca166,Doug Cutting,2012-02-22
6f117bde64f18e2b1920c732dbbf1e8ff16b1a0f,Doug Cutting,2012-02-09
abe9f8d8be7e75417a19c73e65bdab2c781a213b,Doug Cutting,2012-02-09
69e23098c6ef347ebdcd4cb0a83c22b2a70f4e72,James Baldassari,2012-02-08
e99366aa5977c973a7be3ca96adf51b3bf52801f,Doug Cutting,2012-02-07
044c065e73bd04f639e7f26a9a8a3166fd3ab821,Doug Cutting,2012-02-07
29f8701a42d172cf4b9a2a474000d509f34a2d46,James Baldassari,2012-02-07
f36a3b4bb5e9bc58f9bbe4579f8db2dd60ae45a3,Douglas Adam Creager,2012-02-01
dbab66b91b879c902e700a0ca9bbdd48696cbf5b,Douglas Adam Creager,2012-01-26
2681d58693dcf0c7987307e939e3c551880e93d3,Douglas Adam Creager,2012-01-26
cef41283f2b5efd606d4a810e021218ee15a9fd9,Douglas Adam Creager,2012-01-26
2af5295264a8d9fb13f5aa18ed860b67e51703b9,Doug Cutting,2012-01-24
40b2a8672349cad661cf53f07d52d2219585e2fb,James Baldassari,2012-01-17
d72dafc3e20c310271e45acb371529e18e0c2fc4,James Baldassari,2012-01-17
ebbcdcacd48ecb210a165de2d149582c87baca85,James Baldassari,2012-01-17
2874dfde27e4390f9b2510629dacff9d2db409d6,Douglas Adam Creager,2011-12-27
09e1155948e295b9fed27bf76d57125d75063726,Douglas Adam Creager,2011-12-13
940493f37adab4c3e0da3f7e98b04037836a18b5,Doug Cutting,2011-12-13
0ba056f58b54d299fbe991102b5aa416ac3ab845,Doug Cutting,2011-12-09
480e5934ffba54a02361bd40a865cfc1ee80383c,Doug Cutting,2011-12-07
729385bed515560f2d2319e9c3519958a4114846,Doug Cutting,2011-11-04
8b58efb07e6613d3a11a9e7b8e04797ffbc82413,Doug Cutting,2011-11-04
2ce7e30f51cbaec49016bc592df88202e39745ea,Doug Cutting,2011-11-01
b0da28f5ba067365251aa0964caf5f3baee6d1bd,Doug Cutting,2011-10-28
cc434590d3e8970208bd60c822146b2e2a91382c,Thiruvalluvan M. G,2011-10-28
cd30b485062b1920887276cc44552590d703f443,Doug Cutting,2011-10-24
db12764c2637364addfb835b783533460d49a159,Doug Cutting,2011-10-17
b4bd442ba87dddefa58143a9793b31df3cb7e708,Thiruvalluvan M. G,2011-10-17
8fad411325a514d8dbf782c2a15ec169f3e428e6,Thiruvalluvan M. G,2011-10-14
287f348e2e331ebfca808275413585dd99e6865f,Thiruvalluvan M. G,2011-10-12
6e774f574bc75ade354423dadacfa9dd6aa5ff2b,Thiruvalluvan M. G,2011-10-12
c4c44266b38bce822072c200343520c58b4b6902,Thiruvalluvan M. G,2011-10-12
eb895229861088c0b25dc0b23693920ccee5d593,Thiruvalluvan M. G,2011-10-12
844ea7709ce2ef022cca280b4376cefb6d579c4b,Doug Cutting,2011-10-07
ff1e35fb0774691aa77ff47b196c5a1e7335240b,Doug Cutting,2011-10-07
85949e751323c72ed55af0a1ba1f47f3a55a318f,Thiruvalluvan M. G,2011-10-07
fdc2c4899f2ba71a661a3b3f239cc17fa7221fb2,Thiruvalluvan M. G,2011-10-07
a614a28bc9e2f90bf516577252863b8af1cd2e00,Thiruvalluvan M. G,2011-10-07
c4fa8c58b9952951ba2307cc2ec796ad05e822e2,Thiruvalluvan M. G,2011-10-07
d7dbac1ad7177bc8065298cc452466b2a39d7a9c,Thiruvalluvan M. G,2011-10-05
748e8c1be6a8c44e2a5cda05d05c5668526a7b25,Thiruvalluvan M. G,2011-10-05
86fa1ce37647ccc27cf85365ace50aa593073394,Thiruvalluvan M. G,2011-10-05
126e9769f45f978f42321c4fc465198982df482b,Doug Cutting,2011-10-05
2b4a20cddc3856755e1104775398c5d95d7570d5,Doug Cutting,2011-10-03
21223692e8066b2bdf2100641fb7befdae453e8e,Thiruvalluvan M. G,2011-10-01
d6d9116c6bfb31535491912f55a658d4f0291fb5,Douglas Adam Creager,2011-09-25
471b3f5f896035f264f29cf4f6a136a23a0b40b3,Douglas Adam Creager,2011-09-25
fe169ad3db467159b48da150c639c4ad7c06c0bf,Doug Cutting,2011-09-22
72c9d6bb7aa23546a0bf82c2ce546fd1278bd72b,Doug Cutting,2011-09-07
174f5a8898511b7275a81a9b7e8f89ad6c7a40f4,Doug Cutting,2011-08-22
4f693b17f1065f1a688628af3578ee34c55bfbe8,Doug Cutting,2011-08-22
b61743eb5b604f50aeed13abcdd5164e2d71f706,Doug Cutting,2011-07-27
1fa65b7921fd9a718a70b53c9c2f61efbcbfc279,Douglas Adam Creager,2011-07-12
07c66f99ada606e5e832d0b9cad0eab776c98c83,Doug Cutting,2011-07-01
c4f243262392626c8a9e95ba1e4c355e21ab388a,Doug Cutting,2011-07-01
5b88de9f8724e046c745869b335b82a4af439af3,Philip Zeyliger,2011-06-30
2f5cdaf1a0d0003a01184ee201ca8e81bd8a9db0,Doug Cutting,2011-06-29
d4867eb2aba282ebc38d4a25631ea8cd802b2b18,Doug Cutting,2011-06-02
452ed338b64e52116e0c0c3e24705ad09cb27584,Philip Zeyliger,2011-05-31
ea05ebd20d8ae1fc7e6cdfa64c6a40c204d728fe,Doug Cutting,2011-05-19
e05d7e823c8b05c18d4245b894eb43db66df21b6,Doug Cutting,2011-05-18
947bd7daab9ac512bba06f09d27f9dd29b55bef7,Douglas Adam Creager,2011-05-12
fbab55fdd499dae4736f099111aecf2bc8e488e3,Douglas Adam Creager,2011-05-12
7472d98289bcb9776339ad253285a6f6dfa939cf,Doug Cutting,2011-04-29
b7d0d2bdc56d4bc7b5514feb534a5194335445fc,Doug Cutting,2011-03-29
16f9fbc19a28d6c22e6a8fe8550ff5801b853d0b,Doug Cutting,2011-03-08
6fccf353fcbf236c93f8afefdd20be5f7cd3fd5b,Bruce Mitchener Jr,2011-02-24
6fccf353fcbf236c93f8afefdd20be5f7cd3fd5b,Bruce Mitchener Jr,2011-02-24
1c5bbe95f612b841bfeec3880e660d1b6ec44fab,Doug Cutting,2011-02-21
f7e0c4a5c396077c936beedf145c6178167bc0ee,Scott Carey,2011-02-16
b366fd1f242f160f86d473cf3c883e8a5d4ac8e5,Scott Carey,2011-02-16
9075618bf7890a8761107fa96da92dedf73d8a3e,Doug Cutting,2011-02-15
7fedde60b8704c2715526f6da81d6c43c4ca03e3,Bruce Mitchener Jr,2011-01-31
bd1c8fedb2c9566a9b161749fb6b49904b8caad8,Bruce Mitchener Jr,2011-01-26
335d72590281875b500f776afd3b43fc24c1e4dc,Bruce Mitchener Jr,2011-01-24
26ea6ca388642f96d4d0dfab28150d6b0f51aa33,Bruce Mitchener Jr,2011-01-24
a1e801aadba4ba65ce54b078d6c02b8617a88774,Bruce Mitchener Jr,2011-01-24
b4f29d127108be85af3ea0f856c4ef3b52a2a798,Bruce Mitchener Jr,2011-01-20
c849a8f76708f8995c311396f3933421b80bdaa7,Bruce Mitchener Jr,2011-01-20
a1eb97af3d931594b450321eb277817d186e1f50,Doug Cutting,2011-01-17
309b4a3eddea7cf386d56c7371fc11159f0bb402,Scott Carey,2011-01-14
6076010d1b73aa9061b3a2a44f4242b6ab1d2230,Scott Carey,2011-01-14
a0d444d9eb8ffac43ecabb7476f80cbae998170a,Doug Cutting,2011-01-07
1116da410809a4572e6134c01b1e8e4be6627647,Doug Cutting,2011-01-04
a612645c98b33802c70259bc9599e39afc32b385,Doug Cutting,2010-12-29
69c78580f2a0862e90f69a79fc73b66b5e2dc75a,Doug Cutting,2010-12-16
e0d56061638d04a592b7fcff2e1435182f4a4ec8,Doug Cutting,2010-12-13
759ef5d44b57bc23ac86a4eaf94f7d76d6e79f11,Doug Cutting,2010-12-10
bc55a1460c19c127d143736baef3e1881f22418c,Doug Cutting,2010-12-10
5440e53a1a9792b3f67eaf3eedc0c7c5f38629e8,Thiruvalluvan M. G,2010-12-03
9ecce5d7f857f099bc3038e87c09974bae4b8b77,Doug Cutting,2010-11-17
c9e3bcf524da7c3618201aa2b7189ba54900e1e1,Doug Cutting,2010-11-05
954df1fc6c138b8213b7a8a3c6cb5a7888e51c7b,Douglass Cutting,2010-10-14
4dda8ddb4f6ca16d11b908f5597e299bb7fd8d76,Douglass Cutting,2010-10-08
f7245d4546960c783d48d6bba27465a8bb99b04b,Douglass Cutting,2010-10-08
b5097567812c1e09e91cc610bd0860c7cd16df4b,Douglass Cutting,2010-10-07
4bcde0be98a25e6246b8e56bd0786c75791401ec,Matthew Lee Massie,2010-10-05
3efcc1ed043bc4f9866a34d9d9206f75a8e0b905,Scott Carey,2010-09-17
25dabab47a6dcdaee4c291b47467b0e63a850357,Thiruvalluvan M. G,2010-09-14
8fed51d2d0faf08c744611b6feef61f853d43244,Douglass Cutting,2010-09-03
72d74a4d1548083846adc8f18fa53881b713df8c,Douglass Cutting,2010-08-27
61a54e4487501db5ce5ce3447363560fb0d880d6,Jeff Hodges,2010-08-26
4537345e599d764591ff4ccb2fd8e11efe5cbc67,Douglass Cutting,2010-08-26
5355146c7a871aa70d4f8ed1ad6d82de516f1b96,Douglass Cutting,2010-08-26
8c2d1e975ddb3516e2c42de73d78f3d40556c13b,Douglass Cutting,2010-08-25
6593926aed7eb2a142e32d2d58894738c3de0f51,Douglass Cutting,2010-08-25
e0bbd4f474776009648b4f8389deefccbefb39a9,Douglass Cutting,2010-08-25
ce397913a36beaf1077aa2f98cab98f9b2a0a45a,Douglass Cutting,2010-08-25
35bb270f96850e789372c9e68855a9727e64aa9c,Douglass Cutting,2010-08-24
94c4c520a055d7e32dde19bdafac8c6ccfd72d08,Philip Zeyliger,2010-08-24
4d31386d2a9c184b349a6f50b45bcdf73e7bb3f7,Philip Zeyliger,2010-08-24
bb4d21dec8fd0ab0ae233332197b90a783218082,Douglass Cutting,2010-08-23
7afee340172a95bf1d7df4038ce615448f719a0d,Douglass Cutting,2010-08-18
d7041830569503ca674fe0600c0d18f3707779cd,Douglass Cutting,2010-08-10
2dc24e02526e29a3bd385276d7db162f8624fc65,Douglass Cutting,2010-07-28
76088c6238f58ba05a5c891e3439b288ef0d0bc5,Douglass Cutting,2010-07-20
7f5901e8bdc281305ab29a32fd5630c5024b4feb,Thiruvalluvan M. G,2010-07-05
2bce9ea43fada2e40501477af25c94c0f5fa771e,Douglass Cutting,2010-06-10
05cc368353d72c798b261d9dbfcee05d8c7cdaa5,Jeff Hodges,2010-06-04
5949f5e5a36e47dc613b250a9b7f279f306240d0,Jeff Hodges,2010-06-01
a2365d95f8b7a8d20730a44654b2a20215bf9156,Jeffrey Evan Hammerbacher,2010-05-24
0d274c9617ee25f51abfcef572e881b93e8216b7,Douglass Cutting,2010-05-13
3f7443f350516b697e9e409c757c432be4540662,Jeffrey Evan Hammerbacher,2010-05-07
00c23392cc9a6a902217d58a5f20360163b61450,Thiruvalluvan M. G,2010-04-27
1857557df701c5c27093dd2762cd60110f06a5f3,Thiruvalluvan M. G,2010-04-19
9e422555234952d9d7090d14d86eb25e8114c586,Scott Banachowski,2010-04-17
754bbd5a43f0156acaeb84bc2573274be1da8a69,Jeff Hodges,2010-04-12
bc40723fc8aeeb0b57d83e8b2cbe1377d4a1ebe3,Jeff Hodges,2010-04-12
48da0df6c57ad2fd51ed91a971b44b415e17de4d,Jeff Hodges,2010-04-12
8c1db2821e3a0e87e7ab96498d4be14cb75f49d7,Jeff Hodges,2010-04-12
87b64a3b0530a433520bd32ca81858207bd64588,Scott Banachowski,2010-04-11
ff664ef8a34de6dac9044875d4059c1493ce6528,Jeff Hodges,2010-04-06
a23505906e4fe76706365ff7aa92f386fb6fcf97,Jeffrey Evan Hammerbacher,2010-04-05
ed9239ee042925d1d37949e7954ae971fe391fc6,Matthew Lee Massie,2010-04-04
e18f9ca99b848f301b6349869d2512f706dc73f3,Matthew Lee Massie,2010-04-04
be73ec7ae269c3f503e55211add6b8cf9cb1fe50,Jeff Hodges,2010-04-03
492dc3b8f8a1b5dbf98b6c30b79b18ec87e7e89e,Jeff Hodges,2010-04-03
e3123126b5b07d7a71e2e15f838d98f047597554,Douglass Cutting,2010-03-24
6e01d187db9e6afa423f40779cf8f2ca7597a3a6,Douglass Cutting,2010-03-17
69d6017b4de1b0d449b7cf0f7a958546ba1ba897,Matthew Lee Massie,2010-03-15
3c8d3aa06e74b586b8c83d37c110445b4a7e88ee,Matthew Lee Massie,2010-03-05
a1368aa02fd7a5882cc0bb916742fcc9d5f0bdb1,Matthew Lee Massie,2010-03-04
5dac18f3862ee12ab03f2a94be0f675d7101b40d,Douglass Cutting,2010-03-03
be98c2990d9d557e77424c0ea5d7b4b5a279a463,Scott Banachowski,2010-02-19
5d523b4d7f0f99cb0d231c05f847cda331d0fb4f,Douglass Cutting,2010-02-19
674deee1e61c6ef21041951ad8db0771b4547a75,Douglass Cutting,2010-02-19
c221b63f52afd4d2b2c75b45360eb41bb9e55b7b,Douglass Cutting,2010-02-16
02b9415b1d31f0c4a5d8c52ca9821e18dd060d31,Douglass Cutting,2010-02-09
3e3f0fbe27d319893393f34a887b2ab427a038c0,Douglass Cutting,2010-02-09
e1c17e745462a8ac3d93ddef0bdaba3cdfac0a71,Matthew Lee Massie,2010-02-06
8c3259ba2089f1af607e60296a8de56292ea91b9,Douglass Cutting,2010-02-04
f86e0305115fdf9aaa90b19e3bb8ee58324a1406,Douglass Cutting,2010-02-02
6c7b0e1396e9e6326f80a82515f4de44d4f0ebf9,Philip Zeyliger,2010-02-02
bf7db0c2ecb2104fb087f0eea560a7d36935929c,Thiruvalluvan M. G,2010-02-02
1167caf735140964f5dcba441b76d99e7c9ceed1,Thiruvalluvan M. G,2010-02-02
3dfd487bf2a7b4f83b33f5ef9a9ed3e101bfe369,Thiruvalluvan M. G,2010-01-29
b73d4499cb85dda67ba432ce156a22a74e78f142,Scott Banachowski,2010-01-29
8f3ad160ce8c452bfbafc4ca09ab263a2e6aa06a,Philip Zeyliger,2010-01-27
8a4ddb52579070a3744a2bb9a0baf42d5da6b0a5,Thiruvalluvan M. G,2010-01-26
8cbe31ef59354a9eff47aa82b13fd72650874b89,Thiruvalluvan M. G,2010-01-26
26f53a11450952dc17b2248d6d08d18cb106acf7,Thiruvalluvan M. G,2010-01-26
015b9bc7c86d8eba331ebc2dc1aea05325444151,Matthew Lee Massie,2010-01-20
e3ddec6f5a87984a5d5358734f8ee5e26a6682df,Matthew Lee Massie,2010-01-19
c11181848af28d91162a4f87647400eacaafcff5,Douglass Cutting,2010-01-18
771a96e26cab64a37d8dbbbcc898a2f0132db1c3,Matthew Lee Massie,2010-01-18
76315b92e96ff9ed61183d81124fc3acf6998249,Thiruvalluvan M. G,2010-01-16
516ad11ed8f9c3d2f7830a9b8624fc82cc2346ab,Thiruvalluvan M. G,2010-01-15
eeb127e7edec95b9663f416cee4bebab9581e0e3,Douglass Cutting,2010-01-15
aaa7f4764b7396fd2d1cb63058fbdf6209e829cb,Douglass Cutting,2010-01-15
b6bd22843bec5f28b5c44af91c4e5fb2b1187f2b,Douglass Cutting,2010-01-14
e2619a8330a83f8a4f88a5dc055fa9cc2c606873,Douglass Cutting,2010-01-14
e10a0be31a2495dcc9205a681e8401003e2a5bea,Thiruvalluvan M. G,2010-01-14
56794b99650ef9343e7e7fd5b518391cfeaff032,Douglass Cutting,2010-01-12
820d85de389914cd414a0dac60ca4e9cca359b02,Douglass Cutting,2010-01-12
7c85a78d59b838852273934706bd394df56c23ee,Douglass Cutting,2010-01-10
8697acfffac7f9d677793ea65ad3d66143b6963d,Thiruvalluvan M. G,2010-01-10
8fc362ad49300d2aa145c0e0e118851fbcc563b6,Douglass Cutting,2010-01-09
fee963d618d493bf630fc0afdfbc1eb8d74b5362,Douglass Cutting,2010-01-07
939eb8a8a6f5fb7239432eb0bc42730153d46c92,Douglass Cutting,2009-12-31
a87b0c1be09e0449a2c941ea542ce0f22639fdb1,Douglass Cutting,2009-12-15
cfd4b63a8bb9244e3c1cdd48fffe2dd429f8e48d,Douglass Cutting,2009-12-15
47646602d304105ec8edac22be3ac8dd9b0bbe38,Douglass Cutting,2009-12-08
7c655949f7bd1bc0896181545204665ff0a8ed87,Thiruvalluvan M. G,2009-12-04
91856e0e927a07b4e6940cdb48d99261b1dbaa18,Scott Banachowski,2009-11-21
234893c3d0ff9c18fd2b90e5c7ea0b0a9a0b2762,Douglass Cutting,2009-11-20
e0c709a3b29bdd335a9b604fb94580003f54c6af,Douglass Cutting,2009-11-20
148436898364857155f03278e3eff328403f7226,Douglass Cutting,2009-11-20
e2d1051e95de6628da5758bb91f2511e588d3eb1,Douglass Cutting,2009-11-20
dd75906e473d7df696bb73ebfea4207992444629,Scott Banachowski,2009-11-19
dd75906e473d7df696bb73ebfea4207992444629,Scott Banachowski,2009-11-19
8fa1312a50ec65a250de8df72794c061654cd9c9,Douglass Cutting,2009-11-13
7ae507b40fd3493e02438165f1d0c982e6e79914,Scott Banachowski,2009-11-12
2185314c78c943fa3e5369e747c6807bc3b9d960,Scott Banachowski,2009-11-12
76c6762906b4802dd9e41b647a7a5146a08e180b,Douglass Cutting,2009-11-11
8d27b88ec0c3ff374952f56519896f0c932f2967,Matthew Lee Massie,2009-11-10
a45e938a1c59fb4f1fdc66252bdafac6aa9f2069,Matthew Lee Massie,2009-11-10
6c6a0cb898b7b4182ebe6ee9ee41ae5c83206075,Douglass Cutting,2009-11-05
de86bbe9b92fda06368889a9554cb71fbb03bace,Scott Banachowski,2009-10-30
4d2c4381dc5019ec721b525dafec3e6197b7e972,Matthew Lee Massie,2009-10-22
62e4e5bc62c1716224f60e61813103ec54704459,Douglass Cutting,2009-10-21
fac2b0477cba4cd01a56c635459a949f81680a84,Douglass Cutting,2009-10-20
2af1f70cdad4fb612bc22634ae183bd11e6e96e6,Sharad Agarwal,2009-10-09
c1e75de882bf7e9eb669f2d6b8c23330b7c3313e,Scott Banachowski,2009-10-08
35776f85ca9b658fb187a988966c259781759ed7,Douglass Cutting,2009-10-07
dc0107bc2ed79e4c17b8ddbb178fd14357d47147,Douglass Cutting,2009-10-07
fdd0b8cb52af8256e5691d3065b256a387d17718,Douglass Cutting,2009-10-06
8289fbdb37bb10b52d772327cb124555e1dfb020,Douglass Cutting,2009-09-25
aa7305fcb283a28841eb1f03959c0c1550c187f5,Douglass Cutting,2009-09-25
b397dd7b6f952bd1d2f34a09127661cee1b3e679,Douglass Cutting,2009-09-25
e0c27e12a33b282eb0036e8c5c95a338a7977c0c,Douglass Cutting,2009-09-25
78983ffcfbf719ee6d190c486074c87779c6663f,Douglass Cutting,2009-09-24
7c346f7ae726fd3213a9974752a3c4739469f79b,Douglass Cutting,2009-09-24
86614561e4d1dd43a1e508f169c091e7cc935a4c,Douglass Cutting,2009-09-23
0c2a837bb14eab720fef8a25409a8e489897b507,Douglass Cutting,2009-09-23
fc44dd5d2201fae7208660c0bfb5d4847f452c87,Douglass Cutting,2009-09-22
1dbb683d17f571213a8367d8e1306019063325d3,Douglass Cutting,2009-09-11
acba0fcdc047d14f0a28a88aec0a9b8b0cf524f8,Douglass Cutting,2009-08-27
97a5793f050400d38b07d4fbab0539809ce579ff,Douglass Cutting,2009-08-25
c529c6d5821d89bfb3f37e2c6bb0ec9b83635899,Douglass Cutting,2009-08-18
73b69bc59c61294a6689b695342e7f9d6b48db90,Douglass Cutting,2009-08-18
f736dfd4dd6089d9323cf7290ca7852c9dd045cd,Douglass Cutting,2009-08-18
79d571847ca673a23733377fdfd9a489017c499c,Douglass Cutting,2009-08-12
eeb1023f9630a576bf8ea2d5b0e485f565e90e42,Douglass Cutting,2009-07-31
eeb1023f9630a576bf8ea2d5b0e485f565e90e42,Douglass Cutting,2009-07-31
e2e7fd906abe882be5d9ffa6f8ce0ef9025f7107,Douglass Cutting,2009-07-20
751a179769ed29c686558cd618a7934754b6691f,Douglass Cutting,2009-07-16
